;;;;;;;;;;;X
PROV0;（搭乗中）;;;;;;;;;;X
PROV1;レイキャヴィク;;;;;;;;;;X
PROV2;ヘプン;;;;;;;;;;X
PROV3;ストーノウェイ;;;;;;;;;;X
PROV4;アッスウェイズ;;;;;;;;;;X
PROV5;スカパフロー;;;;;;;;;;X
PROV6;インヴァネス;;;;;;;;;;X
PROV7;アバディーン;;;;;;;;;;X
PROV8;ダンファームリン;;;;;;;;;;X
PROV9;グラスゴー;;;;;;;;;;X
PROV10;エディンバラ;;;;;;;;;;X
PROV11;サンダーランド;;;;;;;;;;X
PROV12;ブラックプール;;;;;;;;;;X
PROV13;シェフィールド;;;;;;;;;;X
PROV14;リヴァプール;;;;;;;;;;X
PROV15;カーディフ;;;;;;;;;;X
PROV16;バーミンガム;;;;;;;;;;X
PROV17;ノリッジ;;;;;;;;;;X
PROV18;カレー;;;;;;;;;;X
PROV19;ロンドン;;;;;;;;;;X
PROV20;ドーバー;;;;;;;;;;X
PROV21;ポーツマス;;;;;;;;;;X
PROV22;ブリストル;;;;;;;;;;X
PROV23;プリマス;;;;;;;;;;X
PROV24;コーク;;;;;;;;;;X
PROV25;ゴールウェイ;;;;;;;;;;X
PROV26;スライゴ;;;;;;;;;;X
PROV27;レターケニー;;;;;;;;;;X
PROV28;ベルファスト;;;;;;;;;;X
PROV29;ポータダウン;;;;;;;;;;X
PROV30;ダブリン;;;;;;;;;;X
PROV31;マルタ;;;;;;;;;;X
PROV32;ブレスト;;;;;;;;;;X
PROV33;レンヌ;;;;;;;;;;X
PROV34;ロリアン;;;;;;;;;;X
PROV35;ナント;;;;;;;;;;X
PROV36;アンジェー;;;;;;;;;;X
PROV37;アヴランシュ;;;;;;;;;;X
PROV38;シェルブール;;;;;;;;;;X
PROV39;カーン;;;;;;;;;;X
PROV40;アルジャンタン;;;;;;;;;;X
PROV41;ルアーヴル;;;;;;;;;;X
PROV42;ディエップ;;;;;;;;;;X
PROV43;ダンケルク;;;;;;;;;;X
PROV44;リール;;;;;;;;;;X
PROV45;ゲント;;;;;;;;;;X
PROV46;ロッテルダム;;;;;;;;;;X
PROV47;アムステルダム;;;;;;;;;;X
PROV48;ユトレヒト;;;;;;;;;;X
PROV49;アイントホーフェン;;;;;;;;;;X
PROV50;アントワープ;;;;;;;;;;X
PROV51;ブリュッセル;;;;;;;;;;X
PROV52;モンス;;;;;;;;;;X
PROV53;ヴァランシエンヌ;;;;;;;;;;X
PROV54;アミアン;;;;;;;;;;X
PROV55;コンピエーニュ;;;;;;;;;;X
PROV56;パリ;;;;;;;;;;X
PROV57;オルレアン;;;;;;;;;;X
PROV58;ルマン;;;;;;;;;;X
PROV59;ショーレ;;;;;;;;;;X
PROV60;トゥール;;;;;;;;;;X
PROV61;ブールジュ;;;;;;;;;;X
PROV62;オセール;;;;;;;;;;X
PROV63;トロワ;;;;;;;;;;X
PROV64;ランス;;;;;;;;;;X
PROV65;ナミュール;;;;;;;;;;X
PROV66;アーヘン;;;;;;;;;;X
PROV67;エッセン;;;;;;;;;;X
PROV68;リエージュ;;;;;;;;;;X
PROV69;バストーニュ;;;;;;;;;;X
PROV70;アルロン;;;;;;;;;;X
PROV71;ルクセンブルク;;;;;;;;;;X
PROV72;メス;;;;;;;;;;X
PROV73;ストラスブール;;;;;;;;;;X
PROV74;ザールブリュッケン;;;;;;;;;;X
PROV75;ケルン;;;;;;;;;;X
PROV76;ドルトムント;;;;;;;;;;X
PROV77;アルンヘム;;;;;;;;;;X
PROV78;レーワルデン;;;;;;;;;;X
PROV79;フローニンヘン;;;;;;;;;;X
PROV80;ヴィルヘルムスハーフェン;;;;;;;;;;X
PROV81;ミュンスター;;;;;;;;;;X
PROV82;カッセル;;;;;;;;;;X
PROV83;シュヴァインフルト;;;;;;;;;;X
PROV84;エルフルト;;;;;;;;;;X
PROV85;ゲッティンゲン;;;;;;;;;;X
PROV86;ハノーファー;;;;;;;;;;X
PROV87;ブレーメン;;;;;;;;;;X
PROV88;ハンブルク;;;;;;;;;;X
PROV89;リューベック;;;;;;;;;;X
PROV90;キール;;;;;;;;;;X
PROV91;コリング;;;;;;;;;;X
PROV92;オーフス;;;;;;;;;;X
PROV93;マルメー;;;;;;;;;;X
PROV94;ノギンスク;;;;;;;;;;X
PROV95;カールスクルーナ;;;;;;;;;;X
PROV96;ゴットランド;;;;;;;;;;X
PROV97;イェンシェピング;;;;;;;;;;X
PROV98;イェーテボリ;;;;;;;;;;X
PROV99;シェーブデ;;;;;;;;;;X
PROV100;ノルシェーピング;;;;;;;;;;X
PROV101;ストックホルム;;;;;;;;;;X
PROV102;ウプサラ;;;;;;;;;;X
PROV103;オーランド諸島;;;;;;;;;;X
PROV104;ヴェステロース;;;;;;;;;;X
PROV105;カールスタード;;;;;;;;;;X
PROV106;オーモル;;;;;;;;;;X
PROV107;オスロ;;;;;;;;;;X
PROV108;クリスチャンサン;;;;;;;;;;X
PROV109;スタヴァンゲル;;;;;;;;;;X
PROV110;ベルゲン;;;;;;;;;;X
PROV111;ハーマル;;;;;;;;;;X
PROV112;ルドヴィカ;;;;;;;;;;X
PROV113;ファールン;;;;;;;;;;X
PROV114;イェーヴレ;;;;;;;;;;X
PROV115;スヴェイ;;;;;;;;;;X
PROV116;ロロス;;;;;;;;;;X
PROV117;オーレスン;;;;;;;;;;X
PROV118;トロンヘイム;;;;;;;;;;X
PROV119;エステルスンド;;;;;;;;;;X
PROV120;スンツバル;;;;;;;;;;X
PROV121;ヴィルヘルミナ;;;;;;;;;;X
PROV122;ウーメオ;;;;;;;;;;X
PROV123;イェリヴァレ;;;;;;;;;;X
PROV124;モイラーナ;;;;;;;;;;X
PROV125;ナルヴィク;;;;;;;;;;X
PROV126;キルナ;;;;;;;;;;X
PROV127;ルレオ;;;;;;;;;;X
PROV128;ハンメルフェスト;;;;;;;;;;X
PROV129;ヴァルド;;;;;;;;;;X
PROV130;ロヴァニエミ;;;;;;;;;;X
PROV131;トルニオ;;;;;;;;;;X
PROV132;ペッツァモ;;;;;;;;;;X
PROV133;ムルマンスク;;;;;;;;;;X
PROV134;コラ;;;;;;;;;;X
PROV135;カンダラクシャ;;;;;;;;;;X
PROV136;カヤーニ;;;;;;;;;;X
PROV137;オウル;;;;;;;;;;X
PROV138;ヴァーサ;;;;;;;;;;X
PROV139;セイナヨキ;;;;;;;;;;X
PROV140;ポリ;;;;;;;;;;X
PROV141;トゥルク;;;;;;;;;;X
PROV142;ヘルシンキ;;;;;;;;;;X
PROV143;タンペレ;;;;;;;;;;X
PROV144;ミッケリ;;;;;;;;;;X
PROV145;ヴィープリ;;;;;;;;;;X
PROV146;ソルタヴァラ;;;;;;;;;;X
PROV147;ユヴァスキュラ;;;;;;;;;;X
PROV148;クオピオ;;;;;;;;;;X
PROV149;ヨエンスー;;;;;;;;;;X
PROV150;ケミ;;;;;;;;;;X
PROV151;セゲージャ;;;;;;;;;;X
PROV152;ペトロザヴォツク;;;;;;;;;;X
PROV153;モロトフスク;;;;;;;;;;X
PROV154;アルハンゲリスク;;;;;;;;;;X
PROV155;ペンザ;;;;;;;;;;X
PROV156;バラショフ;;;;;;;;;;X
PROV157;ウリュピンスク;;;;;;;;;;X
PROV158;クズネツク;;;;;;;;;;X
PROV159;カムイシン;;;;;;;;;;X
PROV160;フロロヴォ;;;;;;;;;;X
PROV161;スロヴィーキノ;;;;;;;;;;X
PROV162;カラチ;;;;;;;;;;X
PROV163;スターリングラード;;;;;;;;;;X
PROV164;チェルニヤル;;;;;;;;;;X
PROV165;コノシャ;;;;;;;;;;X
PROV166;コストロマ;;;;;;;;;;X
PROV167;イヴァノヴォ;;;;;;;;;;X
PROV168;ゴーリキー;;;;;;;;;;X
PROV169;アルザマス;;;;;;;;;;X
PROV170;トチマ;;;;;;;;;;X
PROV171;ヴォロドガ;;;;;;;;;;X
PROV172;チェレポヴェッツ;;;;;;;;;;X
PROV173;ベジェーツク;;;;;;;;;;X
PROV174;カリーニン;;;;;;;;;;X
PROV175;モスクワ;;;;;;;;;;X
PROV176;ルイビンスク;;;;;;;;;;X
PROV177;ダニーロフ;;;;;;;;;;X
PROV178;ヤロスラヴリ;;;;;;;;;;X
PROV179;ムーロム;;;;;;;;;;X
PROV180;ヴラジーミル;;;;;;;;;;X
PROV181;カルガ;;;;;;;;;;X
PROV182;モジャイスク;;;;;;;;;;X
PROV183;ヴィテグラ;;;;;;;;;;X
PROV184;チフヴィン;;;;;;;;;;X
PROV185;ヴォルコフ;;;;;;;;;;X
PROV186;ルガ;;;;;;;;;;X
PROV187;レニングラード;;;;;;;;;;X
PROV188;キンギセップ;;;;;;;;;;X
PROV189;ノヴゴロド;;;;;;;;;;X
PROV190;スタラヤルッサ;;;;;;;;;;X
PROV191;ポルコフ;;;;;;;;;;X
PROV192;グドフ;;;;;;;;;;X
PROV193;ナルヴァ;;;;;;;;;;X
PROV194;タリン;;;;;;;;;;X
PROV195;タルトゥ;;;;;;;;;;X
PROV196;パルヌ;;;;;;;;;;X
PROV197;リガ;;;;;;;;;;X
PROV198;グルベネ;;;;;;;;;;X
PROV199;ヴォル;;;;;;;;;;X
PROV200;プスコフ;;;;;;;;;;X
PROV201;オポーチカ;;;;;;;;;;X
PROV202;ダウガフピルス;;;;;;;;;;X
PROV203;イェカピルス;;;;;;;;;;X
PROV204;イェルガヴァ;;;;;;;;;;X
PROV205;マジルベ;;;;;;;;;;X
PROV206;メーメル;;;;;;;;;;X
PROV207;カウナス;;;;;;;;;;X
PROV208;ヴィリニュス;;;;;;;;;;X
PROV209;グロドノ;;;;;;;;;;X
PROV210;バラノヴィチェ;;;;;;;;;;X
PROV211;リダ;;;;;;;;;;X
PROV212;ミンスク;;;;;;;;;;X
PROV213;モロデチノ;;;;;;;;;;X
PROV214;スヴィエチャニ;;;;;;;;;;X
PROV215;ノヴォルゼフ;;;;;;;;;;X
PROV216;ネヴェル;;;;;;;;;;X
PROV217;ヴィテプスク;;;;;;;;;;X
PROV218;オルシャ;;;;;;;;;;X
PROV219;スモレンスク;;;;;;;;;;X
PROV220;モギリョフ;;;;;;;;;;X
PROV221;ボブライスク;;;;;;;;;;X
PROV222;ルニニエク;;;;;;;;;;X
PROV223;;;;;;;;;;;X
PROV224;;;;;;;;;;;X
PROV225;モジル;;;;;;;;;;X
PROV226;コロステン;;;;;;;;;;X
PROV227;ジトミル;;;;;;;;;;X
PROV228;ヴィンニツヤ;;;;;;;;;;X
PROV229;スタニスワヴフ;;;;;;;;;;X
PROV230;ベリツィ;;;;;;;;;;X
PROV231;モギリョフポドルスキ;;;;;;;;;;X
PROV232;バルタ;;;;;;;;;;X
PROV233;オデッサ;;;;;;;;;;X
PROV234;ヘルソン;;;;;;;;;;X
PROV235;ドニプロペトロフスク;;;;;;;;;;X
PROV236;クリヴォイログ;;;;;;;;;;X
PROV237;チェルカッスィ;;;;;;;;;;X
PROV238;キエフ;;;;;;;;;;X
PROV239;プリルキ;;;;;;;;;;X
PROV240;ヴィシュゴロド;;;;;;;;;;X
PROV241;チェルニゴフ;;;;;;;;;;X
PROV242;コノトプ;;;;;;;;;;X
PROV243;クルスク;;;;;;;;;;X
PROV244;スーミ;;;;;;;;;;X
PROV245;ポルタヴァ;;;;;;;;;;X
PROV246;ザポロージェ;;;;;;;;;;X
PROV247;ベルゴロド;;;;;;;;;;X
PROV248;ハリコフ;;;;;;;;;;X
PROV249;スターリノ;;;;;;;;;;X
PROV250;メリトポリ;;;;;;;;;;X
PROV251;ペレコプ;;;;;;;;;;X
PROV252;イェヴパトリヤ;;;;;;;;;;X
PROV253;セヴァストポリ;;;;;;;;;;X
PROV254;ケルチ;;;;;;;;;;X
PROV255;ノヴォローシスク;;;;;;;;;;X
PROV256;クラスノダル;;;;;;;;;;X
PROV257;ティホレツク;;;;;;;;;;X
PROV258;ロストフ;;;;;;;;;;X
PROV259;カメンスクシャフティンスキー;;;;;;;;;;X
PROV260;ビロヴォツク;;;;;;;;;;X
PROV261;ロッソシュ;;;;;;;;;;X
PROV262;オストロゴツク;;;;;;;;;;X
PROV263;スヴォボダ;;;;;;;;;;X
PROV264;パヴロフスク;;;;;;;;;;X
PROV265;ボグチャル;;;;;;;;;;X
PROV266;カシャリー;;;;;;;;;;X
PROV267;ボコフスカヤ;;;;;;;;;;X
PROV268;モロゾフスク;;;;;;;;;;X
PROV269;コンスタンティノフスク;;;;;;;;;;X
PROV270;サルスク;;;;;;;;;;X
PROV271;コテルニコヴォ;;;;;;;;;;X
PROV272;ズロービン;;;;;;;;;;X
PROV273;ゴメリ;;;;;;;;;;X
PROV274;ロガチェフ;;;;;;;;;;X
PROV275;ロスラヴリ;;;;;;;;;;X
PROV276;クリンツィ;;;;;;;;;;X
PROV277;ブリヤンスク;;;;;;;;;;X
PROV278;トゥーラ;;;;;;;;;;X
PROV279;リャザン;;;;;;;;;;X
PROV280;タンボフ;;;;;;;;;;X
PROV281;リペツク;;;;;;;;;;X
PROV282;オリョール;;;;;;;;;;X
PROV283;ヴォロネジ;;;;;;;;;;X
PROV284;ボリスグレブスク;;;;;;;;;;X
PROV285;ヴャジマ;;;;;;;;;;X
PROV286;トロペツ;;;;;;;;;;X
PROV287;ヴェリーキエ・ルーキ;;;;;;;;;;X
PROV288;ルジェフ;;;;;;;;;;X
PROV289;デミャンスク;;;;;;;;;;X
PROV290;エーレスンド海峡;;;;;;;;;;X
PROV291;;;;;;;;;;;X
PROV292;オルボア;;;;;;;;;;X
PROV293;オーゼンセ;;;;;;;;;;X
PROV294;コペンハーゲン;;;;;;;;;;X
PROV295;ボーンホルム;;;;;;;;;;X
PROV296;ロストク;;;;;;;;;;X
PROV297;ヴォルフスブルク;;;;;;;;;;X
PROV298;マクデブルク;;;;;;;;;;X
PROV299;ポツダム;;;;;;;;;;X
PROV300;ベルリン;;;;;;;;;;X
PROV301;シュトラールズント;;;;;;;;;;X
PROV302;シュテッティン;;;;;;;;;;X
PROV303;ダンツィヒ;;;;;;;;;;X
PROV304;エルビング;;;;;;;;;;X
PROV305;トルン;;;;;;;;;;X
PROV306;ビドゴシュチ;;;;;;;;;;X
PROV307;ポズナニ;;;;;;;;;;X
PROV308;キュストリン;;;;;;;;;;X
PROV309;コットブス;;;;;;;;;;X
PROV310;ライプツィヒ;;;;;;;;;;X
PROV311;ドレスデン;;;;;;;;;;X
PROV312;ニュルンベルク;;;;;;;;;;X
PROV313;フランクフルト・アム・マイン;;;;;;;;;;X
PROV314;シュトゥットガルト;;;;;;;;;;X
PROV315;フライブルク;;;;;;;;;;X
PROV316;ミュルーズ;;;;;;;;;;X
PROV317;ショーモン;;;;;;;;;;X
PROV318;ディジョン;;;;;;;;;;X
PROV319;シャロン・シュル・ソーヌ;;;;;;;;;;X
PROV320;ヴィシー;;;;;;;;;;X
PROV321;シャトールー;;;;;;;;;;X
PROV322;リモージュ;;;;;;;;;;X
PROV323;ラロシェル;;;;;;;;;;X
PROV324;ベルジュラック;;;;;;;;;;X
PROV325;ボルドー;;;;;;;;;;X
PROV326;ダクス;;;;;;;;;;X
PROV327;オーシュ;;;;;;;;;;X
PROV328;ポー;;;;;;;;;;X
PROV329;ウェスカ;;;;;;;;;;X
PROV330;サラゴサ;;;;;;;;;;X
PROV331;ビルバオ;;;;;;;;;;X
PROV332;オビエド;;;;;;;;;;X
PROV333;ブルゴス;;;;;;;;;;X
PROV334;ラコルニャ;;;;;;;;;;X
PROV335;ポルト;;;;;;;;;;X
PROV336;リスボン;;;;;;;;;;X
PROV337;グアルダ;;;;;;;;;;X
PROV338;サラマンカ;;;;;;;;;;X
PROV339;バリャドリド;;;;;;;;;;X
PROV340;シグエンザ;;;;;;;;;;X
PROV341;マドリード;;;;;;;;;;X
PROV342;グアダラハラ;;;;;;;;;;X
PROV343;バダホス;;;;;;;;;;X
PROV344;エヴォラ;;;;;;;;;;X
PROV345;ファロ;;;;;;;;;;X
PROV346;ウェルヴァ;;;;;;;;;;X
PROV347;セヴィリヤ;;;;;;;;;;X
PROV348;ジブラルタル;;;;;;;;;;X
PROV349;マラガ;;;;;;;;;;X
PROV350;アルメリア;;;;;;;;;;X
PROV351;ハエン;;;;;;;;;;X
PROV352;ムルシア;;;;;;;;;;X
PROV353;アルバセテ;;;;;;;;;;X
PROV354;ヴァレンシア;;;;;;;;;;X
PROV355;カステリョン;;;;;;;;;;X
PROV356;タラゴナ;;;;;;;;;;X
PROV357;バルセロナ;;;;;;;;;;X
PROV358;ペルピニャン;;;;;;;;;;X
PROV359;トゥールーズ;;;;;;;;;;X
PROV360;クレルモンフェラン;;;;;;;;;;X
PROV361;サンテティエンヌ;;;;;;;;;;X
PROV362;モンペリエ;;;;;;;;;;X
PROV363;ニーム;;;;;;;;;;X
PROV364;マルセイユ;;;;;;;;;;X
PROV365;トゥーロン;;;;;;;;;;X
PROV366;ニース;;;;;;;;;;X
PROV367;コルシカ;;;;;;;;;;X
PROV368;ジェノヴァ;;;;;;;;;;X
PROV369;ラスペツィア;;;;;;;;;;X
PROV370;ミラノ;;;;;;;;;;X
PROV371;トレント;;;;;;;;;;X
PROV372;クール;;;;;;;;;;X
PROV373;レヒ;;;;;;;;;;X
PROV374;フリードリヒスハーフェン;;;;;;;;;;X
PROV375;レーゲンスブルク;;;;;;;;;;X
PROV376;ミュンヘン;;;;;;;;;;X
PROV377;インスブルック;;;;;;;;;;X
PROV378;ヴェネツィア;;;;;;;;;;X
PROV379;フェラーラ;;;;;;;;;;X
PROV380;リュブリャナ;;;;;;;;;;X
PROV381;リエカ;;;;;;;;;;X
PROV382;ザクレブ;;;;;;;;;;X
PROV383;バニャルカ;;;;;;;;;;X
PROV384;スプリト;;;;;;;;;;X
PROV385;ゼニツァ;;;;;;;;;;X
PROV386;サラエボ;;;;;;;;;;X
PROV387;モスタル;;;;;;;;;;X
PROV388;ドゥブロヴニク;;;;;;;;;;X
PROV389;ポドゴリツァ;;;;;;;;;;X
PROV390;ティラナ;;;;;;;;;;X
PROV391;ヴロレ;;;;;;;;;;X
PROV392;イオアニナ;;;;;;;;;;X
PROV393;ケファロニア;;;;;;;;;;X
PROV394;パトラ;;;;;;;;;;X
PROV395;コリントス;;;;;;;;;;X
PROV396;クレタ;;;;;;;;;;X
PROV397;マルマラ海;;;;;;;;;;X
PROV398;ドデカネス諸島;;;;;;;;;;X
PROV399;ロードス島;;;;;;;;;;X
PROV400;キクラデス諸島;;;;;;;;;;X
PROV401;アテネ;;;;;;;;;;X
PROV402;アグリニオン;;;;;;;;;;X
PROV403;ラリッサ;;;;;;;;;;X
PROV404;ハイファ;;;;;;;;;;X
PROV405;ダーダネルス海峡;;;;;;;;;;X
PROV406;エイラート;;;;;;;;;;X
PROV407;アルワイシド;;;;;;;;;;X
PROV408;ブルサ;;;;;;;;;;X
PROV409;イスタンブール;;;;;;;;;;X
PROV410;カヴァラ;;;;;;;;;;X
PROV411;サロニカ;;;;;;;;;;X
PROV412;エデッサ;;;;;;;;;;X
PROV413;スコピエ;;;;;;;;;;X
PROV414;シュティップ;;;;;;;;;;X
PROV415;プリシュティナ;;;;;;;;;;X
PROV416;ゴルナジュマヤ;;;;;;;;;;X
PROV417;ソフィア;;;;;;;;;;X
PROV418;ニシュ;;;;;;;;;;X
PROV419;ヴラツァ;;;;;;;;;;X
PROV420;プレヴェン;;;;;;;;;;X
PROV421;プロヴディフ;;;;;;;;;;X
PROV422;ヴァルナ;;;;;;;;;;X
PROV423;コンスタンツァ;;;;;;;;;;X
PROV424;ブカレスト;;;;;;;;;;X
PROV425;ピテシュティ;;;;;;;;;;X
PROV426;クラヨーヴァ;;;;;;;;;;X
PROV427;シビウ;;;;;;;;;;X
PROV428;クルージュナポカ;;;;;;;;;;X
PROV429;バカウ;;;;;;;;;;X
PROV430;ブラショフ;;;;;;;;;;X
PROV431;プロイェシュティ;;;;;;;;;;X
PROV432;ブライラ;;;;;;;;;;X
PROV433;ヤシ;;;;;;;;;;X
PROV434;キシナウ;;;;;;;;;;X
PROV435;イズマイール;;;;;;;;;;X
PROV436;トゥルチャ;;;;;;;;;;X
PROV437;イズミル;;;;;;;;;;X
PROV438;アンタリヤ;;;;;;;;;;X
PROV439;イズミット;;;;;;;;;;X
PROV440;カラビュク;;;;;;;;;;X
PROV441;アフヨンカラヒサル;;;;;;;;;;X
PROV442;コニヤ;;;;;;;;;;X
PROV443;メルシン;;;;;;;;;;X
PROV444;キプロス;;;;;;;;;;X
PROV445;ガジアンテップ;;;;;;;;;;X
PROV446;カイセリ;;;;;;;;;;X
PROV447;シワス;;;;;;;;;;X
PROV448;アンカラ;;;;;;;;;;X
PROV449;サムソン;;;;;;;;;;X
PROV450;トレビゾンド;;;;;;;;;;X
PROV451;ノーヴィパザル;;;;;;;;;;X
PROV452;ウジチェ;;;;;;;;;;X
PROV453;ベオグラード;;;;;;;;;;X
PROV454;オシエク;;;;;;;;;;X
PROV455;ビェロヴァル;;;;;;;;;;X
PROV456;ペーチ;;;;;;;;;;X
PROV457;ブダペスト;;;;;;;;;;X
PROV458;ジェール;;;;;;;;;;X
PROV459;マリボル;;;;;;;;;;X
PROV460;グラーツ;;;;;;;;;;X
PROV461;クラーゲンフルト;;;;;;;;;;X
PROV462;ザルツブルク;;;;;;;;;;X
PROV463;ウィーン;;;;;;;;;;X
PROV464;ホラブルン;;;;;;;;;;X
PROV465;リンツ;;;;;;;;;;X
PROV466;ストラコニツェ;;;;;;;;;;X
PROV467;ターボル;;;;;;;;;;X
PROV468;クトナーホラ;;;;;;;;;;X
PROV469;プラハ;;;;;;;;;;X
PROV470;プルゼニ;;;;;;;;;;X
PROV471;ウースチー;;;;;;;;;;X
PROV472;リベレツ;;;;;;;;;;X
PROV473;ブレスラウ;;;;;;;;;;X
PROV474;オストラヴァ;;;;;;;;;;X
PROV475;ブルノ;;;;;;;;;;X
PROV476;ブラティスラヴァ;;;;;;;;;;X
PROV477;バンスカー・ビストリツァ;;;;;;;;;;X
PROV478;ジリナ;;;;;;;;;;X
PROV479;クラクフ;;;;;;;;;;X
PROV480;キエルツェ;;;;;;;;;;X
PROV481;チェンストホヴァ;;;;;;;;;;X
PROV482;オッペルン;;;;;;;;;;X
PROV483;ウーチ;;;;;;;;;;X
PROV484;ラドム;;;;;;;;;;X
PROV485;ワルシャワ;;;;;;;;;;X
PROV486;ロムツァ;;;;;;;;;;X
PROV487;ルブリン;;;;;;;;;;X
PROV488;ザモシチ;;;;;;;;;;X
PROV489;プシェミシュル;;;;;;;;;;X
PROV490;コシツェ;;;;;;;;;;X
PROV491;ミシュコルツ;;;;;;;;;;X
PROV492;セゲド;;;;;;;;;;X
PROV493;ノヴィサド;;;;;;;;;;X
PROV494;ズレニャニン;;;;;;;;;;X
PROV495;ティミショアラ;;;;;;;;;;X
PROV496;アラド;;;;;;;;;;X
PROV497;デブレツェン;;;;;;;;;;X
PROV498;サトゥマレ;;;;;;;;;;X
PROV499;プレショフ;;;;;;;;;;X
PROV500;ストルイ;;;;;;;;;;X
PROV501;リヴィウ;;;;;;;;;;X
PROV502;タルノポリ;;;;;;;;;;X
PROV503;ピンスク;;;;;;;;;;X
PROV504;ブレストリトフスク;;;;;;;;;;X
PROV505;ビェルスク;;;;;;;;;;X
PROV506;コヴェル;;;;;;;;;;X
PROV507;スロニム;;;;;;;;;;X
PROV508;ビヤウィストク;;;;;;;;;;X
PROV509;スヴァウキ;;;;;;;;;;X
PROV510;ケーニヒスベルク;;;;;;;;;;X
PROV511;アリトゥス;;;;;;;;;;X
PROV512;ボローニャ;;;;;;;;;;X
PROV513;フィレンツェ;;;;;;;;;;X
PROV514;リミニ;;;;;;;;;;X
PROV515;ローマ;;;;;;;;;;X
PROV516;ペルージャ;;;;;;;;;;X
PROV517;ペスカラ;;;;;;;;;;X
PROV518;カッシーノ;;;;;;;;;;X
PROV519;アンツィオ;;;;;;;;;;X
PROV520;フォッジア;;;;;;;;;;X
PROV521;ナポリ;;;;;;;;;;X
PROV522;ポテンツァ;;;;;;;;;;X
PROV523;タラント;;;;;;;;;;X
PROV524;レッジョ・ディ・カラブリア;;;;;;;;;;X
PROV525;パレルモ;;;;;;;;;;X
PROV526;カターニャ;;;;;;;;;;X
PROV527;グルノーブル;;;;;;;;;;X
PROV528;リヨン;;;;;;;;;;X
PROV529;ブザンソン;;;;;;;;;;X
PROV530;ジュネーヴ;;;;;;;;;;X
PROV531;トリノ;;;;;;;;;;X
PROV532;ベルン;;;;;;;;;;X
PROV533;チューリヒ;;;;;;;;;;X
PROV534;サルデーニャ;;;;;;;;;;X
PROV535;マジョルカ;;;;;;;;;;X
PROV536;メノルカ;;;;;;;;;;X
PROV537;イビザ;;;;;;;;;;X
PROV538;バミューダ;;;;;;;;;;X
PROV539;マナグア;;;;;;;;;;X
PROV540;サンノゼ;;;;;;;;;;X
PROV541;バンクーバー;;;;;;;;;;X
PROV542;キスカ島;;;;;;;;;;X
PROV543;アムチトカ島;;;;;;;;;;X
PROV544;アンドレアノフ諸島;;;;;;;;;;X
PROV545;ユナスカ島;;;;;;;;;;X
PROV546;ウムナック島;;;;;;;;;;X
PROV547;ウナラスカ島;;;;;;;;;;X
PROV548;ユニマック島;;;;;;;;;;X
PROV549;アンカレッジ;;;;;;;;;;X
PROV550;スーアード半島;;;;;;;;;;X
PROV551;フェアバンクス;;;;;;;;;;X
PROV552;ホワイトホース;;;;;;;;;;X
PROV553;ジュノー;;;;;;;;;;X
PROV554;プリンスジョージ;;;;;;;;;;X
PROV555;カムループス;;;;;;;;;;X
PROV556;バンクーバー島;;;;;;;;;;X
PROV557;フォートマクマリー;;;;;;;;;;X
PROV558;イエローナイフ;;;;;;;;;;X
PROV559;クグルクトゥク;;;;;;;;;;X
PROV560;リパルス湾;;;;;;;;;;X
PROV561;ランキン入江;;;;;;;;;;X
PROV562;ロウネ;;;;;;;;;;X
PROV563;バフィン島;;;;;;;;;;X
PROV564;ラディソン;;;;;;;;;;X
PROV565;フォートセヴァーン;;;;;;;;;;X
PROV566;チャーチル;;;;;;;;;;X
PROV567;ドーフィン;;;;;;;;;;X
PROV568;ブランドン;;;;;;;;;;X
PROV569;ウィニペグ;;;;;;;;;;X
PROV570;ノルウェーハウス;;;;;;;;;;X
PROV571;サンダーベイ;;;;;;;;;;X
PROV572;スーセントマリー;;;;;;;;;;X
PROV573;ヴァルドール;;;;;;;;;;X
PROV574;セティル;;;;;;;;;;X
PROV575;ラブラドル;;;;;;;;;;X
PROV576;ニューファンドランド;;;;;;;;;;X
PROV577;シャウリャイ;;;;;;;;;;X
PROV578;ケープ・ブレトン;;;;;;;;;;X
PROV579;ハリファックス;;;;;;;;;;X
PROV580;マンクトン;;;;;;;;;;X
PROV581;セントジョン;;;;;;;;;;X
PROV582;グリーンヴィル;;;;;;;;;;X
PROV583;ポートランド;;;;;;;;;;X
PROV584;シャーブルック;;;;;;;;;;X
PROV585;モントリオール;;;;;;;;;;X
PROV586;ケベックシティー;;;;;;;;;;X
PROV587;ガティノー;;;;;;;;;;X
PROV588;オタワ;;;;;;;;;;X
PROV589;トロント;;;;;;;;;;X
PROV590;ウィンザー;;;;;;;;;;X
PROV591;キングストン;;;;;;;;;;X
PROV592;プラッツバーグ;;;;;;;;;;X
PROV593;ウォータータウン;;;;;;;;;;X
PROV594;モンペリエ;;;;;;;;;;X
PROV595;コンコード;;;;;;;;;;X
PROV596;マンチェスター;;;;;;;;;;X
PROV597;ベニントン;;;;;;;;;;X
PROV598;オールバニー;;;;;;;;;;X
PROV599;ウースター;;;;;;;;;;X
PROV600;ボストン;;;;;;;;;;X
PROV601;ハートフォード;;;;;;;;;;X
PROV602;ニューヨーク;;;;;;;;;;X
PROV603;ニューアーク;;;;;;;;;;X
PROV604;アトランティックシティ;;;;;;;;;;X
PROV605;ドーバー;;;;;;;;;;X
PROV606;ワシントン D.C.;;;;;;;;;;X
PROV607;バルチモア;;;;;;;;;;X
PROV608;フィラデルフィア;;;;;;;;;;X
PROV609;ハリスバーグ;;;;;;;;;;X
PROV610;スクラントン;;;;;;;;;;X
PROV611;アルトゥーナ;;;;;;;;;;X
PROV612;シラキュース;;;;;;;;;;X
PROV613;バッファロー;;;;;;;;;;X
PROV614;ピッツバーグ;;;;;;;;;;X
PROV615;クリーヴランド;;;;;;;;;;X
PROV616;デトロイト;;;;;;;;;;X
PROV617;フリント;;;;;;;;;;X
PROV618;グランドラピッズ;;;;;;;;;;X
PROV619;インディアナポリス;;;;;;;;;;X
PROV620;シカゴ;;;;;;;;;;X
PROV621;ミルウォーキー;;;;;;;;;;X
PROV622;マルケット;;;;;;;;;;X
PROV623;グリーンベイ;;;;;;;;;;X
PROV624;マディソン;;;;;;;;;;X
PROV625;ピオリア;;;;;;;;;;X
PROV626;ディケーター;;;;;;;;;;X
PROV627;エヴァンズヴィル;;;;;;;;;;X
PROV628;コロンバス;;;;;;;;;;X
PROV629;チャールストン;;;;;;;;;;X
PROV630;クラークスバーグ;;;;;;;;;;X
PROV631;シャーロッツヴィル;;;;;;;;;;X
PROV632;リッチモンド;;;;;;;;;;X
PROV633;ノーフォーク;;;;;;;;;;X
PROV634;ウィルミントン;;;;;;;;;;X
PROV635;フェイエットヴィル;;;;;;;;;;X
PROV636;ローリー;;;;;;;;;;X
PROV637;シャルロット;;;;;;;;;;X
PROV638;ロアノーク;;;;;;;;;;X
PROV639;マリオン;;;;;;;;;;X
PROV640;ルイヴィル;;;;;;;;;;X
PROV641;オーエンズバラ;;;;;;;;;;X
PROV642;ナッシュヴィル;;;;;;;;;;X
PROV643;アッシュヴィル;;;;;;;;;;X
PROV644;チャールストン;;;;;;;;;;X
PROV645;コロンビア;;;;;;;;;;X
PROV646;サヴァナ;;;;;;;;;;X
PROV647;メーコン;;;;;;;;;;X
PROV648;ジャクソンヴィル;;;;;;;;;;X
PROV649;タンパ;;;;;;;;;;X
PROV650;オーランド;;;;;;;;;;X
PROV651;マイアミ;;;;;;;;;;X
PROV652;アンドロス;;;;;;;;;;X
PROV653;ニュープロヴィデンス;;;;;;;;;;X
PROV654;ハバナ;;;;;;;;;;X
PROV655;サンタクララ;;;;;;;;;;X
PROV656;カマグエイ;;;;;;;;;;X
PROV657;グアンタナモ;;;;;;;;;;X
PROV658;ハワイ;;;;;;;;;;X
PROV659;マウイ;;;;;;;;;;X
PROV660;カウアイ;;;;;;;;;;X
PROV661;ニーハウ;;;;;;;;;;X
PROV662;ミッドウェイ諸島;;;;;;;;;;X
PROV663;パールハーバー;;;;;;;;;;X
PROV664;グランドバハマ;;;;;;;;;;X
PROV665;アバコ島;;;;;;;;;;X
PROV666;エリューセラ;;;;;;;;;;X
PROV667;ブエノスアイレス;;;;;;;;;;X
PROV668;ロングアイランド;;;;;;;;;;X
PROV669;オーガスタ;;;;;;;;;;X
PROV670;アトランタ;;;;;;;;;;X
PROV671;チャタヌーガ;;;;;;;;;;X
PROV672;バーミングハム;;;;;;;;;;X
PROV673;メンフィス;;;;;;;;;;X
PROV674;グリーンヴィル;;;;;;;;;;X
PROV675;ジャクソン;;;;;;;;;;X
PROV676;モービル;;;;;;;;;;X
PROV677;タラハシー;;;;;;;;;;X
PROV678;ビロクシ;;;;;;;;;;X
PROV679;バトンルージュ;;;;;;;;;;X
PROV680;ニューオーリンズ;;;;;;;;;;X
PROV681;アレクサンドリア;;;;;;;;;;X
PROV682;モンロー;;;;;;;;;;X
PROV683;パインブラフ;;;;;;;;;;X
PROV684;リトルロック;;;;;;;;;;X
PROV685;ジョーンズボロ;;;;;;;;;;X
PROV686;フォートスミス;;;;;;;;;;X
PROV687;ケープジラードー;;;;;;;;;;X
PROV688;スプリングフィールド;;;;;;;;;;X
PROV689;セントルイス;;;;;;;;;;X
PROV690;カンザスシティー;;;;;;;;;;X
PROV691;シーダーラピッズ;;;;;;;;;;X
PROV692;デモイン;;;;;;;;;;X
PROV693;ミネアポリス;;;;;;;;;;X
PROV694;ダルース;;;;;;;;;;X
PROV695;ムーアヘッド;;;;;;;;;;X
PROV696;ワージントン;;;;;;;;;;X
PROV697;ファーゴ;;;;;;;;;;X
PROV698;ビズマーク;;;;;;;;;;X
PROV699;ディキンソン;;;;;;;;;;X
PROV700;フォートペック;;;;;;;;;;X
PROV701;マイルズシティー;;;;;;;;;;X
PROV702;ドッドソン;;;;;;;;;;X
PROV703;ビリングズ;;;;;;;;;;X
PROV704;キャスパー;;;;;;;;;;X
PROV705;ロックスプリングズ;;;;;;;;;;X
PROV706;グランドジャンクション;;;;;;;;;;X
PROV707;デンバー;;;;;;;;;;X
PROV708;アスペン;;;;;;;;;;X
PROV709;プエブロ;;;;;;;;;;X
PROV710;ドッジシティー;;;;;;;;;;X
PROV711;ウィチタ;;;;;;;;;;X
PROV712;イーニッド;;;;;;;;;;X
PROV713;オクラホマシティ;;;;;;;;;;X
PROV714;ロートン;;;;;;;;;;X
PROV715;ダラス;;;;;;;;;;X
PROV716;ヒューストン;;;;;;;;;;X
PROV717;サンアントニオ;;;;;;;;;;X
PROV718;エルパソ;;;;;;;;;;X
PROV719;アビリーン;;;;;;;;;;X
PROV720;アマリロ;;;;;;;;;;X
PROV721;ラボック;;;;;;;;;;X
PROV722;ロズウェル;;;;;;;;;;X
PROV723;ラスクルーセス;;;;;;;;;;X
PROV724;アルバカーキ;;;;;;;;;;X
PROV725;サンタフェ;;;;;;;;;;X
PROV726;ロスアラモス;;;;;;;;;;X
PROV727;シルヴァーシティー;;;;;;;;;;X
PROV728;トゥーソン;;;;;;;;;;X
PROV729;ユマ;;;;;;;;;;X
PROV730;フェニックス;;;;;;;;;;X
PROV731;デラノピーク;;;;;;;;;;X
PROV732;プロヴォ;;;;;;;;;;X
PROV733;ソルトレイクシティ;;;;;;;;;;X
PROV734;ラスヴェガス;;;;;;;;;;X
PROV735;モハーヴェ砂漠;;;;;;;;;;X
PROV736;インペリアルヴァレー;;;;;;;;;;X
PROV737;メヒカリ;;;;;;;;;;X
PROV738;ラパス;;;;;;;;;;X
PROV739;エルモシヨ;;;;;;;;;;X
PROV740;ノガレス;;;;;;;;;;X
PROV741;シウダードフアレス;;;;;;;;;;X
PROV742;チワワ;;;;;;;;;;X
PROV743;クリアカン;;;;;;;;;;X
PROV744;ドゥランゴ;;;;;;;;;;X
PROV745;モンゥローヴァ;;;;;;;;;;X
PROV746;ミッドランド;;;;;;;;;;X
PROV747;モンテレー;;;;;;;;;;X
PROV748;コーパスクリスティ;;;;;;;;;;X
PROV749;タンピコ;;;;;;;;;;X
PROV750;レオン;;;;;;;;;;X
PROV751;グアダラハラ;;;;;;;;;;X
PROV752;メキシコシティー;;;;;;;;;;X
PROV753;プエブラ;;;;;;;;;;X
PROV754;アカプルコ;;;;;;;;;;X
PROV755;ビヤエルモサ;;;;;;;;;;X
PROV756;メリダ;;;;;;;;;;X
PROV757;グアテマラ;;;;;;;;;;X
PROV758;ベリーズ;;;;;;;;;;X
PROV759;サンサルバドル;;;;;;;;;;X
PROV760;テグシガルパ;;;;;;;;;;X
PROV761;サンディエゴ;;;;;;;;;;X
PROV762;ロサンゼルス;;;;;;;;;;X
PROV763;フレズノ;;;;;;;;;;X
PROV764;サクラメント;;;;;;;;;;X
PROV765;サンフランシスコ;;;;;;;;;;X
PROV766;レディング;;;;;;;;;;X
PROV767;シエラネヴァダ山脈;;;;;;;;;;X
PROV768;リノ;;;;;;;;;;X
PROV769;ハーニー盆地;;;;;;;;;;X
PROV770;ポカテロ;;;;;;;;;;X
PROV771;ボイシ;;;;;;;;;;X
PROV772;アナコンダ;;;;;;;;;;X
PROV773;ミズーラ;;;;;;;;;;X
PROV774;グレートフォールズ;;;;;;;;;;X
PROV775;ビュート;;;;;;;;;;X
PROV776;ルイストン;;;;;;;;;;X
PROV777;エルクシティー;;;;;;;;;;X
PROV778;ブルー山脈;;;;;;;;;;X
PROV779;スポーケン;;;;;;;;;;X
PROV780;シアトル;;;;;;;;;;X
PROV781;リッチランド;;;;;;;;;;X
PROV782;タコマ;;;;;;;;;;X
PROV783;ポートランド;;;;;;;;;;X
PROV784;フッド山;;;;;;;;;;X
PROV785;クラマスフォールズ;;;;;;;;;;X
PROV786;ユージーン;;;;;;;;;;X
PROV787;ラピッドシティー;;;;;;;;;;X
PROV788;スーフォールズ;;;;;;;;;;X
PROV789;オマハ;;;;;;;;;;X
PROV790;スコッツブラフ;;;;;;;;;;X
PROV791;スモーキーヒル川;;;;;;;;;;X
PROV792;トピーカ;;;;;;;;;;X
PROV793;タルサ;;;;;;;;;;X
PROV794;フォートレゾリューション;;;;;;;;;;X
PROV795;プリンスアルバート;;;;;;;;;;X
PROV796;エドモントン;;;;;;;;;;X
PROV797;カルガリー;;;;;;;;;;X
PROV798;サスカトゥーン;;;;;;;;;;X
PROV799;レジャイナ;;;;;;;;;;X
PROV800;グリーンランド;;;;;;;;;;X
PROV801;クラサオ;;;;;;;;;;X
PROV802;バルキシメト;;;;;;;;;;X
PROV803;バランキーヤ;;;;;;;;;;X
PROV804;マラカイボ;;;;;;;;;;X
PROV805;セントルシア;;;;;;;;;;X
PROV806;セントジョージズ;;;;;;;;;;X
PROV807;バルバドス;;;;;;;;;;X
PROV808;トバゴ;;;;;;;;;;X
PROV809;トリニダード;;;;;;;;;;X
PROV810;クマナ;;;;;;;;;;X
PROV811;カラカス;;;;;;;;;;X
PROV812;ククタ;;;;;;;;;;X
PROV813;ボゴタ;;;;;;;;;;X
PROV814;グアヤキル;;;;;;;;;;X
PROV815;キト;;;;;;;;;;X
PROV816;トルヒーヨ;;;;;;;;;;X
PROV817;ティグレ;;;;;;;;;;X
PROV818;イキトス;;;;;;;;;;X
PROV819;ミツ;;;;;;;;;;X
PROV820;ソリモンエス川;;;;;;;;;;X
PROV821;プカイパ;;;;;;;;;;X
PROV822;リオブランコ;;;;;;;;;;X
PROV823;テフェ;;;;;;;;;;X
PROV824;マナウス;;;;;;;;;;X
PROV825;ポルトヴェーリョ;;;;;;;;;;X
PROV826;サンタレン;;;;;;;;;;X
PROV827;リベラルタ;;;;;;;;;;X
PROV828;コビハ;;;;;;;;;;X
PROV829;クスコ;;;;;;;;;;X
PROV830;リマ;;;;;;;;;;X
PROV831;アレキパ;;;;;;;;;;X
PROV832;ラパス;;;;;;;;;;X
PROV833;ペルセヴェランチャ;;;;;;;;;;X
PROV834;クイアバ;;;;;;;;;;X
PROV835;マトグロッソ;;;;;;;;;;X
PROV836;サンタクルス;;;;;;;;;;X
PROV837;アスンシオン;;;;;;;;;;X
PROV838;スクレ;;;;;;;;;;X
PROV839;アントファガスタ;;;;;;;;;;X
PROV840;サンティアゴ;;;;;;;;;;X
PROV841;ファン・フェルナンデス諸島;;;;;;;;;;X
PROV842;サン・フェリクス島;;;;;;;;;;X
PROV843;サンミゲルデトゥクマン;;;;;;;;;;X
PROV844;コリエンテス;;;;;;;;;;X
PROV845;コルドバ;;;;;;;;;;X
PROV846;シウダーデルエステ;;;;;;;;;;X
PROV847;クリティバ;;;;;;;;;;X
PROV848;ポルトアレグレ;;;;;;;;;;X
PROV849;モンテビデオ;;;;;;;;;;X
PROV850;コンコルディア;;;;;;;;;;X
PROV851;ロサリオ;;;;;;;;;;X
PROV852;マルデルプラタ;;;;;;;;;;X
PROV853;バイアブランカ;;;;;;;;;;X
PROV854;ビエドマ;;;;;;;;;;X
PROV855;ネウケン;;;;;;;;;;X
PROV856;プエルトモント;;;;;;;;;;X
PROV857;プエルトマドリン;;;;;;;;;;X
PROV858;コモドロリヴァダヴィア;;;;;;;;;;X
PROV859;サンカルロスデバリローチェ;;;;;;;;;;X
PROV860;プエルトアイセン;;;;;;;;;;X
PROV861;ウェリントン;;;;;;;;;;X
PROV862;サルミエント;;;;;;;;;;X
PROV863;サンタクルス;;;;;;;;;;X
PROV864;プンタアレナス;;;;;;;;;;X
PROV865;ティエラデルフエゴ;;;;;;;;;;X
PROV866;フォークランド諸島;;;;;;;;;;X
PROV867;アンゴストゥラフォールズ;;;;;;;;;;X
PROV868;イニリダ;;;;;;;;;;X
PROV869;シウダードボリーヴァル;;;;;;;;;;X
PROV870;シウダードグアヤナ;;;;;;;;;;X
PROV871;クユニ川;;;;;;;;;;X
PROV872;ボアヴィスタ;;;;;;;;;;X
PROV873;ジョージタウン;;;;;;;;;;X
PROV874;パラマリボ;;;;;;;;;;X
PROV875;カイエンヌ;;;;;;;;;;X
PROV876;マカパ;;;;;;;;;;X
PROV877;マラジョ;;;;;;;;;;X
PROV878;マラバ;;;;;;;;;;X
PROV879;ベレン;;;;;;;;;;X
PROV880;フォルタレザ;;;;;;;;;;X
PROV881;レシフェ;;;;;;;;;;X
PROV882;サルヴァドル;;;;;;;;;;X
PROV883;ゴイアス;;;;;;;;;;X
PROV884;ヴィトリア;;;;;;;;;;X
PROV885;リオデジャネイロ;;;;;;;;;;X
PROV886;サンパウロ;;;;;;;;;;X
PROV887;カンピナス;;;;;;;;;;X
PROV888;パナマ;;;;;;;;;;X
PROV889;コロン;;;;;;;;;;X
PROV890;メデリン;;;;;;;;;;X
PROV891;ジャマイカ;;;;;;;;;;X
PROV892;ポルトープランス;;;;;;;;;;X
PROV893;サンティアゴ;;;;;;;;;;X
PROV894;サントドミンゴ;;;;;;;;;;X
PROV895;プエルトリコ;;;;;;;;;;X
PROV896;ヴァージン諸島;;;;;;;;;;X
PROV897;アンティグア;;;;;;;;;;X
PROV898;グアデルーペ;;;;;;;;;;X
PROV899;マルティニク;;;;;;;;;;X
PROV900;スエズ;;;;;;;;;;X
PROV901;ポートサイド;;;;;;;;;;X
PROV902;ザガジグ;;;;;;;;;;X
PROV903;カイロ;;;;;;;;;;X
PROV904;タンタ;;;;;;;;;;X
PROV905;ファイユーム;;;;;;;;;;X
PROV906;アレクサンドリア;;;;;;;;;;X
PROV907;カッタラ低地;;;;;;;;;;X
PROV908;ゲラウラ;;;;;;;;;;X
PROV909;エルアラメイン;;;;;;;;;;X
PROV910;フーカ;;;;;;;;;;X
PROV911;メルサマトルー;;;;;;;;;;X
PROV912;ニベイワ;;;;;;;;;;X
PROV913;ラビア;;;;;;;;;;X
PROV914;シディバラニ;;;;;;;;;;X
PROV915;ソルム;;;;;;;;;;X
PROV916;バルディーヤ;;;;;;;;;;X
PROV917;カプッツォ砦;;;;;;;;;;X
PROV918;マッダレーナ砦;;;;;;;;;;X
PROV919;トブルク;;;;;;;;;;X
PROV920;デルナ;;;;;;;;;;X
PROV921;メキリ;;;;;;;;;;X
PROV922;ムスス;;;;;;;;;;X
PROV923;バルカ;;;;;;;;;;X
PROV924;ベンガジ;;;;;;;;;;X
PROV925;アゲダビア;;;;;;;;;;X
PROV926;アルジャグバブ;;;;;;;;;;X
PROV927;アウジラ;;;;;;;;;;X
PROV928;ソクナ;;;;;;;;;;X
PROV929;シルテ;;;;;;;;;;X
PROV930;ホムス;;;;;;;;;;X
PROV931;ガダメス;;;;;;;;;;X
PROV932;トリポリ;;;;;;;;;;X
PROV933;ズアラ;;;;;;;;;;X
PROV934;ガフサ;;;;;;;;;;X
PROV935;ガベス;;;;;;;;;;X
PROV936;スファックス;;;;;;;;;;X
PROV937;カセリーヌ;;;;;;;;;;X
PROV938;スーサ;;;;;;;;;;X
PROV939;チュニス;;;;;;;;;;X
PROV940;ビゼルト;;;;;;;;;;X
PROV941;タバルカ;;;;;;;;;;X
PROV942;ボン岬;;;;;;;;;;X
PROV943;コンスタンティーヌ;;;;;;;;;;X
PROV944;セティフ;;;;;;;;;;X
PROV945;フィリップヴィル;;;;;;;;;;X
PROV946;ブージー;;;;;;;;;;X
PROV947;ブリダ;;;;;;;;;;X
PROV948;マスカラ;;;;;;;;;;X
PROV949;アルジェ;;;;;;;;;;X
PROV950;モスタガネム;;;;;;;;;;X
PROV951;シディベルアベス;;;;;;;;;;X
PROV952;トレムセン;;;;;;;;;;X
PROV953;オラン;;;;;;;;;;X
PROV954;メリリャ;;;;;;;;;;X
PROV955;ヴィラサンジュロ;;;;;;;;;;X
PROV956;ウジダ;;;;;;;;;;X
PROV957;セウタ;;;;;;;;;;X
PROV958;カサブランカ;;;;;;;;;;X
PROV959;マラケシュ;;;;;;;;;;X
PROV960;モガドール;;;;;;;;;;X
PROV961;ランサローテ;;;;;;;;;;X
PROV962;フエルテヴェントゥラ;;;;;;;;;;X
PROV963;グラン・カナリア;;;;;;;;;;X
PROV964;テネリフェ;;;;;;;;;;X
PROV965;ラ・パルマ;;;;;;;;;;X
PROV966;アガディール;;;;;;;;;;X
PROV967;イフニ;;;;;;;;;;X
PROV968;ワザーン;;;;;;;;;;X
PROV969;ブーアルファ;;;;;;;;;;X
PROV970;ジェリーヴィル;;;;;;;;;;X
PROV971;エルアイウン;;;;;;;;;;X
PROV972;ヴィリャシスネロス;;;;;;;;;;X
PROV973;ポルテティエンヌ;;;;;;;;;;X
PROV974;フォールグーロー;;;;;;;;;;X
PROV975;タウデニ;;;;;;;;;;X
PROV976;ガオ;;;;;;;;;;X
PROV977;トンプクトゥ;;;;;;;;;;X
PROV978;モプティ;;;;;;;;;;X
PROV979;セグー;;;;;;;;;;X
PROV980;ニオロデュサヘル;;;;;;;;;;X
PROV981;ダカール;;;;;;;;;;X
PROV982;バサースト;;;;;;;;;;X
PROV983;ビサウ;;;;;;;;;;X
PROV984;タンバクンダ;;;;;;;;;;X
PROV985;カイエ;;;;;;;;;;X
PROV986;バマコ;;;;;;;;;;X
PROV987;コナクリ;;;;;;;;;;X
PROV988;フリータウン;;;;;;;;;;X
PROV989;ラベ;;;;;;;;;;X
PROV990;シギリ;;;;;;;;;;X
PROV991;カンカン;;;;;;;;;;X
PROV992;モンロヴィア;;;;;;;;;;X
PROV993;アビジャン;;;;;;;;;;X
PROV994;シカソ;;;;;;;;;;X
PROV995;ブアケ;;;;;;;;;;X
PROV996;ボボデュラッソ;;;;;;;;;;X
PROV997;ワガドゥグゥ;;;;;;;;;;X
PROV998;ニアメー;;;;;;;;;;X
PROV999;ソコト;;;;;;;;;;X
PROV1000;タマーレ;;;;;;;;;;X
PROV1001;クマシ;;;;;;;;;;X
PROV1002;アクラ;;;;;;;;;;X
PROV1003;ロメ;;;;;;;;;;X
PROV1004;バッサリ;;;;;;;;;;X
PROV1005;パラクー;;;;;;;;;;X
PROV1006;ポルトノヴォ;;;;;;;;;;X
PROV1007;イバダン;;;;;;;;;;X
PROV1008;ラゴス;;;;;;;;;;X
PROV1009;カドゥナ;;;;;;;;;;X
PROV1010;オニチャ;;;;;;;;;;X
PROV1011;ポートハーコート;;;;;;;;;;X
PROV1012;ガシャカ;;;;;;;;;;X
PROV1013;エルウェド;;;;;;;;;;X
PROV1014;フォールラプリンヌ;;;;;;;;;;X
PROV1015;ガート;;;;;;;;;;X
PROV1016;ムルズク;;;;;;;;;;X
PROV1017;カランショ砂漠;;;;;;;;;;X
PROV1018;アルクフラ;;;;;;;;;;X
PROV1019;リビア砂漠;;;;;;;;;;X
PROV1020;シーワ;;;;;;;;;;X
PROV1021;アインダラ;;;;;;;;;;X
PROV1022;西方砂漠;;;;;;;;;;X
PROV1023;アシュート;;;;;;;;;;X
PROV1024;ルクソール;;;;;;;;;;X
PROV1025;クセイル;;;;;;;;;;X
PROV1026;アスワン;;;;;;;;;;X
PROV1027;エドフ;;;;;;;;;;X
PROV1028;ワディハルファ;;;;;;;;;;X
PROV1029;ドンゴラ;;;;;;;;;;X
PROV1030;ポートスーダン;;;;;;;;;;X
PROV1031;ベルベル;;;;;;;;;;X
PROV1032;オムドゥルマン;;;;;;;;;;X
PROV1033;マッサワ;;;;;;;;;;X
PROV1034;オビア;;;;;;;;;;X
PROV1035;ベルベラ;;;;;;;;;;X
PROV1036;ゼイラ;;;;;;;;;;X
PROV1037;ジブチ;;;;;;;;;;X
PROV1038;アッサブ;;;;;;;;;;X
PROV1039;アスマラ;;;;;;;;;;X
PROV1040;カッサラ;;;;;;;;;;X
PROV1041;ガラバト;;;;;;;;;;X
PROV1042;ゴンダル;;;;;;;;;;X
PROV1043;デシ;;;;;;;;;;X
PROV1044;デブラマルコス;;;;;;;;;;X
PROV1045;ガンベラ;;;;;;;;;;X
PROV1046;アディスアベバ;;;;;;;;;;X
PROV1047;ジマ;;;;;;;;;;X
PROV1048;アドワ;;;;;;;;;;X
PROV1049;ダナキル;;;;;;;;;;X
PROV1050;ディレダワ;;;;;;;;;;X
PROV1051;ハラル;;;;;;;;;;X
PROV1052;ギニル;;;;;;;;;;X
PROV1053;モヤレ;;;;;;;;;;X
PROV1054;オガデン;;;;;;;;;;X
PROV1055;バルデラ;;;;;;;;;;X
PROV1056;モガディシュ;;;;;;;;;;X
PROV1057;;;;;;;;;;;X
PROV1058;キスマヨ;;;;;;;;;;X
PROV1059;マルサビト;;;;;;;;;;X
PROV1060;ナイロビ;;;;;;;;;;X
PROV1061;モンバサ;;;;;;;;;;X
PROV1062;タボラ;;;;;;;;;;X
PROV1063;キガリ;;;;;;;;;;X
PROV1064;エンテベ;;;;;;;;;;X
PROV1065;マラカル;;;;;;;;;;X
PROV1066;ハルトゥーム;;;;;;;;;;X
PROV1067;エルアトルゥン;;;;;;;;;;X
PROV1068;エルオベイド;;;;;;;;;;X
PROV1069;ワーウ;;;;;;;;;;X
PROV1070;バンガスー;;;;;;;;;;X
PROV1071;スタンリーヴィル;;;;;;;;;;X
PROV1072;ブータ;;;;;;;;;;X
PROV1073;コスターマンズヴィル;;;;;;;;;;X
PROV1074;コキアットヴィル;;;;;;;;;;X
PROV1075;ブラザヴィル;;;;;;;;;;X
PROV1076;インプフォンド;;;;;;;;;;X
PROV1077;ヤウンデ;;;;;;;;;;X
PROV1078;バンギ;;;;;;;;;;X
PROV1079;フォールアルシャンボー;;;;;;;;;;X
PROV1080;フォールラミー;;;;;;;;;;X
PROV1081;ラルジョー;;;;;;;;;;X
PROV1082;ティベスティ;;;;;;;;;;X
PROV1083;アガデス;;;;;;;;;;X
PROV1084;ジンダー;;;;;;;;;;X
PROV1085;マイドゥグリ;;;;;;;;;;X
PROV1086;マルア;;;;;;;;;;X
PROV1087;ンガウンデレ;;;;;;;;;;X
PROV1088;ンコングサンバ;;;;;;;;;;X
PROV1089;ドゥアーラ;;;;;;;;;;X
PROV1090;サントメ;;;;;;;;;;X
PROV1091;バータ;;;;;;;;;;X
PROV1092;リーブルヴィル;;;;;;;;;;X
PROV1093;ポアントノアール;;;;;;;;;;X
PROV1094;カビンダ;;;;;;;;;;X
PROV1095;バナナ;;;;;;;;;;X
PROV1096;ルアンダ;;;;;;;;;;X
PROV1097;ヴィラエンリケデカルヴァリョ;;;;;;;;;;X
PROV1098;ルルアブール;;;;;;;;;;X
PROV1099;モングー;;;;;;;;;;X
PROV1100;ノヴァリジュボア;;;;;;;;;;X
PROV1101;ベンゲラ;;;;;;;;;;X
PROV1102;モサメデス;;;;;;;;;;X
PROV1103;ヴィラペレイラデカ;;;;;;;;;;X
PROV1104;カラボ;;;;;;;;;;X
PROV1105;マウン;;;;;;;;;;X
PROV1106;フロートフォンテイン;;;;;;;;;;X
PROV1107;オンダングア;;;;;;;;;;X
PROV1108;ウォルヴィスベイ;;;;;;;;;;X
PROV1109;リューデリッツ;;;;;;;;;;X
PROV1110;ヴィントフーク;;;;;;;;;;X
PROV1111;フランシスタウン;;;;;;;;;;X
PROV1112;ハボローネ;;;;;;;;;;X
PROV1113;マフェキング;;;;;;;;;;X
PROV1114;キンバリー;;;;;;;;;;X
PROV1115;スプリングボック;;;;;;;;;;X
PROV1116;ケープタウン;;;;;;;;;;X
PROV1117;ポートエリザベス;;;;;;;;;;X
PROV1118;イーストロンドン;;;;;;;;;;X
PROV1119;ダーバン;;;;;;;;;;X
PROV1120;ヨハネスブルク;;;;;;;;;;X
PROV1121;プレトリア;;;;;;;;;;X
PROV1122;ロレンソマルケス;;;;;;;;;;X
PROV1123;イニャンバネ;;;;;;;;;;X
PROV1124;ブラワーヨ;;;;;;;;;;X
PROV1125;ハラレ;;;;;;;;;;X
PROV1126;ルサカ;;;;;;;;;;X
PROV1127;エリザベトヴィル;;;;;;;;;;X
PROV1128;ムピカ;;;;;;;;;;X
PROV1129;ヌドラ;;;;;;;;;;X
PROV1130;ベイラ;;;;;;;;;;X
PROV1131;テテ;;;;;;;;;;X
PROV1132;ゾンバ;;;;;;;;;;X
PROV1133;ケリマネ;;;;;;;;;;X
PROV1134;フィアナランツォア;;;;;;;;;;X
PROV1135;レユニオン;;;;;;;;;;X
PROV1136;モーリシャス;;;;;;;;;;X
PROV1137;タナナリヴ;;;;;;;;;;X
PROV1138;ヴィラカブラル;;;;;;;;;;X
PROV1139;リンディ;;;;;;;;;;X
PROV1140;ダルエスサラーム;;;;;;;;;;X
PROV1141;タンガ;;;;;;;;;;X
PROV1142;レオポルドヴィル;;;;;;;;;;X
PROV1143;キンドゥポールタンパン;;;;;;;;;;X
PROV1144;アルベールヴィル;;;;;;;;;;X
PROV1145;カノ;;;;;;;;;;X
PROV1146;ヴェルデ岬諸島;;;;;;;;;;X
PROV1147;アセンション島;;;;;;;;;;X
PROV1148;セントヘレナ;;;;;;;;;;X
PROV1149;ヴォルクタ;;;;;;;;;;X
PROV1150;オサ;;;;;;;;;;X
PROV1151;モロトフ;;;;;;;;;;X
PROV1152;ストロゼフスク;;;;;;;;;;X
PROV1153;トロイツコペチョルスク;;;;;;;;;;X
PROV1154;サレハルド;;;;;;;;;;X
PROV1155;タゾフ;;;;;;;;;;X
PROV1156;デュディンカ;;;;;;;;;;X
PROV1157;ハタンガ;;;;;;;;;;X
PROV1158;サスクィラフ;;;;;;;;;;X
PROV1159;スレドネコリムスク;;;;;;;;;;X
PROV1160;ジガンスク;;;;;;;;;;X
PROV1161;ニュルバ;;;;;;;;;;X
PROV1162;エルボガチェン;;;;;;;;;;X
PROV1163;ヤクーツク;;;;;;;;;;X
PROV1164;ハンドゥイガ;;;;;;;;;;X
PROV1165;ヴェルホヤンスク;;;;;;;;;;X
PROV1166;ペヴェク;;;;;;;;;;X
PROV1167;エヴェンスク;;;;;;;;;;X
PROV1168;;;;;;;;;;;X
PROV1169;;;;;;;;;;;X
PROV1170;アナディル;;;;;;;;;;X
PROV1171;パラナ;;;;;;;;;;X
PROV1172;ペトロパブロフスク・カムチャツキー;;;;;;;;;;X
PROV1173;;;;;;;;;;;X
PROV1174;占守島;;;;;;;;;;X
PROV1175;オハ;;;;;;;;;;X
PROV1176;豊原;;;;;;;;;;X
PROV1177;択捉;;;;;;;;;;X
PROV1178;旭川;;;;;;;;;;X
PROV1179;札幌;;;;;;;;;;X
PROV1180;仙台;;;;;;;;;;X
PROV1181;秋田;;;;;;;;;;X
PROV1182;福島;;;;;;;;;;X
PROV1183;新潟;;;;;;;;;;X
PROV1184;東京;;;;;;;;;;X
PROV1185;名古屋;;;;;;;;;;X
PROV1186;金沢;;;;;;;;;;X
PROV1187;大阪;;;;;;;;;;X
PROV1188;広島;;;;;;;;;;X
PROV1189;四国;;;;;;;;;;X
PROV1190;福岡;;;;;;;;;;X
PROV1191;鹿児島;;;;;;;;;;X
PROV1192;奄美;;;;;;;;;;X
PROV1193;沖縄;;;;;;;;;;X
PROV1194;済州島;;;;;;;;;;X
PROV1195;光州;;;;;;;;;;X
PROV1196;釜山;;;;;;;;;;X
PROV1197;大邱;;;;;;;;;;X
PROV1198;春州;;;;;;;;;;X
PROV1199;京城;;;;;;;;;;X
PROV1200;元山;;;;;;;;;;X
PROV1201;平壌;;;;;;;;;;X
PROV1202;大連;;;;;;;;;;X
PROV1203;唐山;;;;;;;;;;X
PROV1204;天津;;;;;;;;;;X
PROV1205;北京;;;;;;;;;;X
PROV1206;張家口;;;;;;;;;;X
PROV1207;集寧;;;;;;;;;;X
PROV1208;呼和浩特;;;;;;;;;;X
PROV1209;大同;;;;;;;;;;X
PROV1210;保定;;;;;;;;;;X
PROV1211;石家庄;;;;;;;;;;X
PROV1212;邯鄲;;;;;;;;;;X
PROV1213;禹城;;;;;;;;;;X
PROV1214;煙台;;;;;;;;;;X
PROV1215;青島;;;;;;;;;;X
PROV1216;済南;;;;;;;;;;X
PROV1217;連雲港;;;;;;;;;;X
PROV1218;徐州;;;;;;;;;;X
PROV1219;南通;;;;;;;;;;X
PROV1220;揚州;;;;;;;;;;X
PROV1221;合肥;;;;;;;;;;X
PROV1222;阜陽;;;;;;;;;;X
PROV1223;開封;;;;;;;;;;X
PROV1224;安陽;;;;;;;;;;X
PROV1225;太原;;;;;;;;;;X
PROV1226;長治;;;;;;;;;;X
PROV1227;洛陽;;;;;;;;;;X
PROV1228;鄭州;;;;;;;;;;X
PROV1229;南陽;;;;;;;;;;X
PROV1230;信陽;;;;;;;;;;X
PROV1231;襄樊;;;;;;;;;;X
PROV1232;漢口;;;;;;;;;;X
PROV1233;安慶;;;;;;;;;;X
PROV1234;蕪湖;;;;;;;;;;X
PROV1235;南京;;;;;;;;;;X
PROV1236;蘇州;;;;;;;;;;X
PROV1237;上海;;;;;;;;;;X
PROV1238;杭州;;;;;;;;;;X
PROV1239;寧波;;;;;;;;;;X
PROV1240;温州;;;;;;;;;;X
PROV1241;衢州;;;;;;;;;;X
PROV1242;上饒;;;;;;;;;;X
PROV1243;南平;;;;;;;;;;X
PROV1244;福州;;;;;;;;;;X
PROV1245;泉州;;;;;;;;;;X
PROV1246;竜岩;;;;;;;;;;X
PROV1247;厦門;;;;;;;;;;X
PROV1248;汕頭;;;;;;;;;;X
PROV1249;潮安;;;;;;;;;;X
PROV1250;韓州;;;;;;;;;;X
PROV1251;南昌;;;;;;;;;;X
PROV1252;九江;;;;;;;;;;X
PROV1253;武昌;;;;;;;;;;X
PROV1254;憑祥;;;;;;;;;;X
PROV1255;長沙;;;;;;;;;;X
PROV1256;株州;;;;;;;;;;X
PROV1257;衡陽;;;;;;;;;;X
PROV1258;桂林;;;;;;;;;;X
PROV1259;邵陽;;;;;;;;;;X
PROV1260;常徳;;;;;;;;;;X
PROV1261;懐化;;;;;;;;;;X
PROV1262;遵義;;;;;;;;;;X
PROV1263;權陵;;;;;;;;;;X
PROV1264;恩施;;;;;;;;;;X
PROV1265;万県;;;;;;;;;;X
PROV1266;宜昌;;;;;;;;;;X
PROV1267;安康;;;;;;;;;;X
PROV1268;南城;;;;;;;;;;X
PROV1269;西安;;;;;;;;;;X
PROV1270;咸陽;;;;;;;;;;X
PROV1271;延安;;;;;;;;;;X
PROV1272;楡林;;;;;;;;;;X
PROV1273;銀川;;;;;;;;;;X
PROV1274;固原;;;;;;;;;;X
PROV1275;平凉;;;;;;;;;;X
PROV1276;蘭州;;;;;;;;;;X
PROV1277;天水;;;;;;;;;;X
PROV1278;宝鶏;;;;;;;;;;X
PROV1279;南充;;;;;;;;;;X
PROV1280;重慶;;;;;;;;;;X
PROV1281;雅安;;;;;;;;;;X
PROV1282;康定;;;;;;;;;;X
PROV1283;昌都;;;;;;;;;;X
PROV1284;ディマプル;;;;;;;;;;X
PROV1285;ダッカ;;;;;;;;;;X
PROV1286;クミッラ;;;;;;;;;;X
PROV1287;インパール;;;;;;;;;;X
PROV1288;チッタゴン;;;;;;;;;;X
PROV1289;アキャブ;;;;;;;;;;X
PROV1290;カレワ;;;;;;;;;;X
PROV1291;ミッチーナー;;;;;;;;;;X
PROV1292;クンチャウン;;;;;;;;;;X
PROV1293;下関;;;;;;;;;;X
PROV1294;保山;;;;;;;;;;X
PROV1295;ラシオ;;;;;;;;;;X
PROV1296;マンダレイ;;;;;;;;;;X
PROV1297;アラカン;;;;;;;;;;X
PROV1298;バセーン;;;;;;;;;;X
PROV1299;ラングーン;;;;;;;;;;X
PROV1300;プローム;;;;;;;;;;X
PROV1301;トングー;;;;;;;;;;X
PROV1302;シッタン川;;;;;;;;;;X
PROV1303;チャンライ;;;;;;;;;;X
PROV1304;シャン州;;;;;;;;;;X
PROV1305;景洪;;;;;;;;;;X
PROV1306;ルアンプラバン;;;;;;;;;;X
PROV1307;昆明;;;;;;;;;;X
PROV1308;曲靖;;;;;;;;;;X
PROV1309;百色;;;;;;;;;;X
PROV1310;柳州;;;;;;;;;;X
PROV1311;梧州;;;;;;;;;;X
PROV1312;韶関;;;;;;;;;;X
PROV1313;廣州;;;;;;;;;;X
PROV1314;宝安;;;;;;;;;;X
PROV1315;香港;;;;;;;;;;X
PROV1316;澳門;;;;;;;;;;X
PROV1317;江門;;;;;;;;;;X
PROV1318;茂名;;;;;;;;;;X
PROV1319;南寧;;;;;;;;;;X
PROV1320;広州湾;;;;;;;;;;X
PROV1321;海南島;;;;;;;;;;X
PROV1322;高雄;;;;;;;;;;X
PROV1323;台北;;;;;;;;;;X
PROV1324;花蓮;;;;;;;;;;X
PROV1325;欽州;;;;;;;;;;X
PROV1326;ハイフォン;;;;;;;;;;X
PROV1327;文山;;;;;;;;;;X
PROV1328;ハノイ;;;;;;;;;;X
PROV1329;ヴィエンチャン;;;;;;;;;;X
PROV1330;ピッサヌローク;;;;;;;;;;X
PROV1331;コーンケーン;;;;;;;;;;X
PROV1332;ノーマラート;;;;;;;;;;X
PROV1333;ダナン;;;;;;;;;;X
PROV1334;クイニョン;;;;;;;;;;X
PROV1335;ニャチャン;;;;;;;;;;X
PROV1336;パクセ;;;;;;;;;;X
PROV1337;サイゴン;;;;;;;;;;X
PROV1338;ラックジャ;;;;;;;;;;X
PROV1339;バタンバン;;;;;;;;;;X
PROV1340;プノンペン;;;;;;;;;;X
PROV1341;ウボンラーチャタニー;;;;;;;;;;X
PROV1342;ナコーンラーチャタニー;;;;;;;;;;X
PROV1343;バンコク;;;;;;;;;;X
PROV1344;ナコンサワン;;;;;;;;;;X
PROV1345;トンブリ;;;;;;;;;;X
PROV1346;モールメイン;;;;;;;;;;X
PROV1347;クラ;;;;;;;;;;X
PROV1348;シンゴラ;;;;;;;;;;X
PROV1349;アロースター;;;;;;;;;;X
PROV1350;コタバル;;;;;;;;;;X
PROV1351;クアンタン;;;;;;;;;;X
PROV1352;クアラルンプール;;;;;;;;;;X
PROV1353;シンガポール;;;;;;;;;;X
PROV1354;バンカ島;;;;;;;;;;X
PROV1355;メダン;;;;;;;;;;X
PROV1356;デュマイ;;;;;;;;;;X
PROV1357;パダン;;;;;;;;;;X
PROV1358;パレンバン;;;;;;;;;;X
PROV1359;オーストハーフェン;;;;;;;;;;X
PROV1360;成都;;;;;;;;;;X
PROV1361;自貢;;;;;;;;;;X
PROV1362;昭通;;;;;;;;;;X
PROV1363;安順;;;;;;;;;;X
PROV1364;貴陽;;;;;;;;;;X
PROV1365;凱里;;;;;;;;;;X
PROV1366;ボゴロドスコエ;;;;;;;;;;X
PROV1367;ハバロフスク;;;;;;;;;;X
PROV1368;コムソモリスク・ナ・アムーレ;;;;;;;;;;X
PROV1369;テルネイ;;;;;;;;;;X
PROV1370;イマン川;;;;;;;;;;X
PROV1371;野猪河;;;;;;;;;;X
PROV1372;ウラジオストック;;;;;;;;;;X
PROV1373;スパッスク・ダリニー;;;;;;;;;;X
PROV1374;佳木斯;;;;;;;;;;X
PROV1375;牡丹江;;;;;;;;;;X
PROV1376;清津;;;;;;;;;;X
PROV1377;遼源;;;;;;;;;;X
PROV1378;吉林;;;;;;;;;;X
PROV1379;哈爾濱;;;;;;;;;;X
PROV1380;斉斉哈爾;;;;;;;;;;X
PROV1381;漠河;;;;;;;;;;X
PROV1382;海拉爾;;;;;;;;;;X
PROV1383;ボルジャ;;;;;;;;;;X
PROV1384;チタ;;;;;;;;;;X
PROV1385;バヤントゥメン;;;;;;;;;;X
PROV1386;錫林浩特;;;;;;;;;;X
PROV1387;烏蘭浩特;;;;;;;;;;X
PROV1388;赤峰;;;;;;;;;;X
PROV1389;奉天;;;;;;;;;;X
PROV1390;新京;;;;;;;;;;X
PROV1391;惠山;;;;;;;;;;X
PROV1392;咸興;;;;;;;;;;X
PROV1393;新義州;;;;;;;;;;X
PROV1394;安東;;;;;;;;;;X
PROV1395;営口;;;;;;;;;;X
PROV1396;錦西;;;;;;;;;;X
PROV1397;承徳;;;;;;;;;;X
PROV1398;二連浩特;;;;;;;;;;X
PROV1399;サインシャンド;;;;;;;;;;X
PROV1400;;;;;;;;;;;X
PROV1401;;;;;;;;;;;X
PROV1402;;;;;;;;;;;X
PROV1403;;;;;;;;;;;X
PROV1404;ウランバートル;;;;;;;;;;X
PROV1405;コマンドルスキー諸島;;;;;;;;;;X
PROV1406;アリューシャン海溝西部;;;;;;;;;;X
PROV1407;アリューシャン海溝極西部;;;;;;;;;;X
PROV1408;アッツ島;;;;;;;;;;X
PROV1409;マヤ;;;;;;;;;;X
PROV1410;アルダン川;;;;;;;;;;X
PROV1411;オリョクミンスク;;;;;;;;;;X
PROV1412;ボダイボ;;;;;;;;;;X
PROV1413;カチュク;;;;;;;;;;X
PROV1414;ウスチクート;;;;;;;;;;X
PROV1415;タイシェト;;;;;;;;;;X
PROV1416;イルクーツク;;;;;;;;;;X
PROV1417;シュシェンスコイエ;;;;;;;;;;X
PROV1418;キジル;;;;;;;;;;X
PROV1419;ムレン;;;;;;;;;;X
PROV1420;ホブト;;;;;;;;;;X
PROV1421;アルタイ;;;;;;;;;;X
PROV1422;アルマアタ;;;;;;;;;;X
PROV1423;ズイリャノフスク;;;;;;;;;;X
PROV1424;ジャンブル;;;;;;;;;;X
PROV1425;シムケント;;;;;;;;;;X
PROV1426;クジルオルダ;;;;;;;;;;X
PROV1427;タシュケント;;;;;;;;;;X
PROV1428;オシュ;;;;;;;;;;X
PROV1429;フルンゼ;;;;;;;;;;X
PROV1430;カシュガル;;;;;;;;;;X
PROV1431;アクス;;;;;;;;;;X
PROV1432;グルジャ;;;;;;;;;;X
PROV1433;迪化;;;;;;;;;;X
PROV1434;ユスンブラク;;;;;;;;;;X
PROV1435;クムル;;;;;;;;;;X
PROV1436;バヤンホンゴル;;;;;;;;;;X
PROV1437;アルバイヘール;;;;;;;;;;X
PROV1438;ダランザドガド;;;;;;;;;;X
PROV1439;バヤンノール;;;;;;;;;;X
PROV1440;金昌;;;;;;;;;;X
PROV1441;敦煌;;;;;;;;;;X
PROV1442;格爾木;;;;;;;;;;X
PROV1443;西寧;;;;;;;;;;X
PROV1444;玉樹;;;;;;;;;;X
PROV1445;庫爾勒;;;;;;;;;;X
PROV1446;タクラマカン砂漠;;;;;;;;;;X
PROV1447;和田;;;;;;;;;;X
PROV1448;ガル;;;;;;;;;;X
PROV1449;;;;;;;;;;;X
PROV1450;那曲;;;;;;;;;;X
PROV1451;カゴル;;;;;;;;;;X
PROV1452;日喀則;;;;;;;;;;X
PROV1453;ラサ;;;;;;;;;;X
PROV1454;リアン;;;;;;;;;;X
PROV1455;プナカ;;;;;;;;;;X
PROV1456;ロンプール;;;;;;;;;;X
PROV1457;カルカッタ;;;;;;;;;;X
PROV1458;カタック;;;;;;;;;;X
PROV1459;ランチ;;;;;;;;;;X
PROV1460;ジャバルプール;;;;;;;;;;X
PROV1461;ヴィシャカパトナム;;;;;;;;;;X
PROV1462;ナーグプル;;;;;;;;;;X
PROV1463;サトプラ山脈;;;;;;;;;;X
PROV1464;スラト;;;;;;;;;;X
PROV1465;ラージコット;;;;;;;;;;X
PROV1466;アーマダーバード;;;;;;;;;;X
PROV1467;インドール;;;;;;;;;;X
PROV1468;ジャイプール;;;;;;;;;;X
PROV1469;デリー;;;;;;;;;;X
PROV1470;カーンプル;;;;;;;;;;X
PROV1471;ラクナウ;;;;;;;;;;X
PROV1472;ダルバンガー;;;;;;;;;;X
PROV1473;カトマンズ;;;;;;;;;;X
PROV1474;スリナガル;;;;;;;;;;X
PROV1475;ラホール;;;;;;;;;;X
PROV1476;ルディアナ;;;;;;;;;;X
PROV1477;メーラト;;;;;;;;;;X
PROV1478;ビカネール;;;;;;;;;;X
PROV1479;ジョードプル;;;;;;;;;;X
PROV1480;ハイデラバード;;;;;;;;;;X
PROV1481;サッカル;;;;;;;;;;X
PROV1482;ムルタン;;;;;;;;;;X
PROV1483;ペシャワル;;;;;;;;;;X
PROV1484;ファイザーバード;;;;;;;;;;X
PROV1485;スターリナバード;;;;;;;;;;X
PROV1486;カブール;;;;;;;;;;X
PROV1487;サマルカンド;;;;;;;;;;X
PROV1488;ナヴォイ;;;;;;;;;;X
PROV1489;ブハラ;;;;;;;;;;X
PROV1490;アシガバード;;;;;;;;;;X
PROV1491;チャルジョウ;;;;;;;;;;X
PROV1492;ヘラート;;;;;;;;;;X
PROV1493;カンダハル;;;;;;;;;;X
PROV1494;カラチ;;;;;;;;;;X
PROV1495;チャーバハール;;;;;;;;;;X
PROV1496;ビールジャンド;;;;;;;;;;X
PROV1497;バンダルアッバース;;;;;;;;;;X
PROV1498;バボルサル;;;;;;;;;;X
PROV1499;ヤズド;;;;;;;;;;X
PROV1500;マシュハド;;;;;;;;;;X
PROV1501;カヴィール砂漠;;;;;;;;;;X
PROV1502;テヘラン;;;;;;;;;;X
PROV1503;バボル;;;;;;;;;;X
PROV1504;ドゥバイ;;;;;;;;;;X
PROV1505;ボンベイ;;;;;;;;;;X
PROV1506;プネー;;;;;;;;;;X
PROV1507;ハイデラバード;;;;;;;;;;X
PROV1508;ヴィジャヤワダ;;;;;;;;;;X
PROV1509;マドラス;;;;;;;;;;X
PROV1510;セーラム;;;;;;;;;;X
PROV1511;バンガロール;;;;;;;;;;X
PROV1512;コラープル;;;;;;;;;;X
PROV1513;マンガロール;;;;;;;;;;X
PROV1514;コーチン;;;;;;;;;;X
PROV1515;マドゥライ;;;;;;;;;;X
PROV1516;トリンコマリー;;;;;;;;;;X
PROV1517;コロンボ;;;;;;;;;;X
PROV1518;アンダマン諸島;;;;;;;;;;X
PROV1519;ニコバル諸島;;;;;;;;;;X
PROV1520;ウランウデ;;;;;;;;;;X
PROV1521;バルグジン;;;;;;;;;;X
PROV1522;モゴチャ;;;;;;;;;;X
PROV1523;トゥインダ;;;;;;;;;;X
PROV1524;マガダン;;;;;;;;;;X
PROV1525;オホーツク;;;;;;;;;;X
PROV1526;チュミカン;;;;;;;;;;X
PROV1527;ニコライエフスク・ナ・アムーレ;;;;;;;;;;X
PROV1528;ブラゴヴェシチェンスク;;;;;;;;;;X
PROV1529;ビロビジャン;;;;;;;;;;X
PROV1530;黒河;;;;;;;;;;X
PROV1531;ノリリスク;;;;;;;;;;X
PROV1532;トゥーラ;;;;;;;;;;X
PROV1533;イガルカ;;;;;;;;;;X
PROV1534;ポロイ;;;;;;;;;;X
PROV1535;アングチカ;;;;;;;;;;X
PROV1536;ツルハンスク;;;;;;;;;;X
PROV1537;バイキト;;;;;;;;;;X
PROV1538;セヴェロエニセイスク;;;;;;;;;;X
PROV1539;エニセイスク;;;;;;;;;;X
PROV1540;コルパシェヴォ;;;;;;;;;;X
PROV1541;ニズネヴァルトフスク;;;;;;;;;;X
PROV1542;アレクサンドロフスク;;;;;;;;;;X
PROV1543;カルガソク;;;;;;;;;;X
PROV1544;トムスク;;;;;;;;;;X
PROV1545;アシノ;;;;;;;;;;X
PROV1546;ケメロヴォ;;;;;;;;;;X
PROV1547;バルナウル;;;;;;;;;;X
PROV1548;ノヴォシビルスク;;;;;;;;;;X
PROV1549;ルブツォフスク;;;;;;;;;;X
PROV1550;セミパラティンスク;;;;;;;;;;X
PROV1551;パヴロダール;;;;;;;;;;X
PROV1552;オムスク;;;;;;;;;;X
PROV1553;エキバストゥズ;;;;;;;;;;X
PROV1554;カラガンダ;;;;;;;;;;X
PROV1555;バルハシ;;;;;;;;;;X
PROV1556;ウスチカメノゴルスク;;;;;;;;;;X
PROV1557;ビイスク;;;;;;;;;;X
PROV1558;オイロート・トゥラ;;;;;;;;;;X
PROV1559;アバカン;;;;;;;;;;X
PROV1560;クラスノヤルスク;;;;;;;;;;X
PROV1561;アチンスク;;;;;;;;;;X
PROV1562;ケズマ;;;;;;;;;;X
PROV1563;ヴァナヴァラ;;;;;;;;;;X
PROV1564;ムジー;;;;;;;;;;X
PROV1565;サラプール;;;;;;;;;;X
PROV1566;ベレズニキ;;;;;;;;;;X
PROV1567;ウファ;;;;;;;;;;X
PROV1568;ウラリスク;;;;;;;;;;X
PROV1569;グリエフ;;;;;;;;;;X
PROV1570;チカロフ;;;;;;;;;;X
PROV1571;セーロフ;;;;;;;;;;X
PROV1572;スヴェルドロフスク;;;;;;;;;;X
PROV1573;ニジニタギル;;;;;;;;;;X
PROV1574;チェリャビンスク;;;;;;;;;;X
PROV1575;クルガン;;;;;;;;;;X
PROV1576;コスタナイ;;;;;;;;;;X
PROV1577;オルスク;;;;;;;;;;X
PROV1578;アクチュビンスク;;;;;;;;;;X
PROV1579;クルサルィ;;;;;;;;;;X
PROV1580;チェルカル;;;;;;;;;;X
PROV1581;トゥルガイ;;;;;;;;;;X
PROV1582;アラルスク;;;;;;;;;;X
PROV1583;フォートシェフチェンコ;;;;;;;;;;X
PROV1584;クングラド;;;;;;;;;;X
PROV1585;ヌクス;;;;;;;;;;X
PROV1586;カザリンスク;;;;;;;;;;X
PROV1587;バイコヌール;;;;;;;;;;X
PROV1588;ジェズカズガン;;;;;;;;;;X
PROV1589;サマルカンド;;;;;;;;;;X
PROV1590;アクモリンスク;;;;;;;;;;X
PROV1591;コクチェタフ;;;;;;;;;;X
PROV1592;ペトロパヴロフスク;;;;;;;;;;X
PROV1593;チュメニ;;;;;;;;;;X
PROV1594;トボリスク;;;;;;;;;;X
PROV1595;;;;;;;;;;;X
PROV1596;スルグト;;;;;;;;;;X
PROV1597;ハンティ・マンシイスク;;;;;;;;;;X
PROV1598;タルコサレ;;;;;;;;;;X
PROV1599;硫黄島;;;;;;;;;;X
PROV1600;ビキニ;;;;;;;;;;X
PROV1601;エニウェトク;;;;;;;;;;X
PROV1602;ウォッジェ;;;;;;;;;;X
PROV1603;マロエラップ;;;;;;;;;;X
PROV1604;ウォレライ;;;;;;;;;;X
PROV1605;マジュロ;;;;;;;;;;X
PROV1606;ミリ;;;;;;;;;;X
PROV1607;ジャルート;;;;;;;;;;X
PROV1608;クェゼリン;;;;;;;;;;X
PROV1609;コシャエ;;;;;;;;;;X
PROV1610;ポナペ;;;;;;;;;;X
PROV1611;ナウル;;;;;;;;;;X
PROV1612;サタワン;;;;;;;;;;X
PROV1613;トラック;;;;;;;;;;X
PROV1614;ヴェララヴェラ;;;;;;;;;;X
PROV1615;ウルル;;;;;;;;;;X
PROV1616;プルスク;;;;;;;;;;X
PROV1617;ウォレアイ;;;;;;;;;;X
PROV1618;ウルシー;;;;;;;;;;X
PROV1619;ヤップ;;;;;;;;;;X
PROV1620;ヌグル;;;;;;;;;;X
PROV1621;パラオ;;;;;;;;;;X
PROV1622;コロンバンガラ;;;;;;;;;;X
PROV1623;;;;;;;;;;;X
PROV1624;グアム;;;;;;;;;;X
PROV1625;ロタ;;;;;;;;;;X
PROV1626;テニアン;;;;;;;;;;X
PROV1627;サイパン;;;;;;;;;;X
PROV1628;バタヴィア;;;;;;;;;;X
PROV1629;チラチャップ;;;;;;;;;;X
PROV1630;スマラン;;;;;;;;;;X
PROV1631;ジョグジャカルタ;;;;;;;;;;X
PROV1632;スラバヤ;;;;;;;;;;X
PROV1633;マラン;;;;;;;;;;X
PROV1634;マドゥラ;;;;;;;;;;X
PROV1635;バリ;;;;;;;;;;X
PROV1636;ロンボク;;;;;;;;;;X
PROV1637;スンバワ;;;;;;;;;;X
PROV1638;スンバ;;;;;;;;;;X
PROV1639;フローレス;;;;;;;;;;X
PROV1640;マカッサル;;;;;;;;;;X
PROV1641;バンジェルマシン;;;;;;;;;;X
PROV1642;ポンティアナク;;;;;;;;;;X
PROV1643;スミタウ;;;;;;;;;;X
PROV1644;クチン;;;;;;;;;;X
PROV1645;マハカム;;;;;;;;;;X
PROV1646;ミリ;;;;;;;;;;X
PROV1647;ジェセルトン;;;;;;;;;;X
PROV1648;タラカン;;;;;;;;;;X
PROV1649;サマリンダ;;;;;;;;;;X
PROV1650;バリクパパン;;;;;;;;;;X
PROV1651;パル;;;;;;;;;;X
PROV1652;ケンダリ;;;;;;;;;;X
PROV1653;メナド;;;;;;;;;;X
PROV1654;ヘルマヘラ;;;;;;;;;;X
PROV1655;ブル;;;;;;;;;;X
PROV1656;セラム;;;;;;;;;;X
PROV1657;西チモール;;;;;;;;;;X
PROV1658;東チモール;;;;;;;;;;X
PROV1659;ソロン;;;;;;;;;;X
PROV1660;バボ;;;;;;;;;;X
PROV1661;ビアク島;;;;;;;;;;X
PROV1662;ココナウ;;;;;;;;;;X
PROV1663;アラレ;;;;;;;;;;X
PROV1664;サルミ;;;;;;;;;;X
PROV1665;ホランディア;;;;;;;;;;X
PROV1666;アイタペ;;;;;;;;;;X
PROV1667;ウエワク;;;;;;;;;;X
PROV1668;アドミラルティー諸島;;;;;;;;;;X
PROV1669;ニューアイルランド;;;;;;;;;;X
PROV1670;ラバウル;;;;;;;;;;X
PROV1671;ガスマタ;;;;;;;;;;X
PROV1672;ラエ;;;;;;;;;;X
PROV1673;アガッツ;;;;;;;;;;X
PROV1674;メラウケ;;;;;;;;;;X
PROV1675;ケレマ;;;;;;;;;;X
PROV1676;ビスマルク山脈;;;;;;;;;;X
PROV1677;ブナ;;;;;;;;;;X
PROV1678;オーエンスタンリー山脈;;;;;;;;;;X
PROV1679;ポートモレスビー;;;;;;;;;;X
PROV1680;ミルネ湾;;;;;;;;;;X
PROV1681;ブーカ島;;;;;;;;;;X
PROV1682;ブーゲンヴィル;;;;;;;;;;X
PROV1683;ショートランド島;;;;;;;;;;X
PROV1684;ニュージョージア;;;;;;;;;;X
PROV1685;ガダルカナル;;;;;;;;;;X
PROV1686;サンタクルス諸島;;;;;;;;;;X
PROV1687;マーレ;;;;;;;;;;X
PROV1688;バンク諸島;;;;;;;;;;X
PROV1689;エスピリトゥサント;;;;;;;;;;X
PROV1690;エファーテ;;;;;;;;;;X
PROV1691;リフー;;;;;;;;;;X
PROV1692;ヌーメア;;;;;;;;;;X
PROV1693;ケアンズ;;;;;;;;;;X
PROV1694;ウェイパ;;;;;;;;;;X
PROV1695;ノーマントン;;;;;;;;;;X
PROV1696;タウンズヴィル;;;;;;;;;;X
PROV1697;ヒューエンデン;;;;;;;;;;X
PROV1698;ロックハンプトン;;;;;;;;;;X
PROV1699;ブラックオール;;;;;;;;;;X
PROV1700;マウントイサ;;;;;;;;;;X
PROV1701;ボロルーラ;;;;;;;;;;X
PROV1702;ヌーランボイ;;;;;;;;;;X
PROV1703;ダーウィン;;;;;;;;;;X
PROV1704;キャサリン;;;;;;;;;;X
PROV1705;バロウクリーク;;;;;;;;;;X
PROV1706;ウィンダム;;;;;;;;;;X
PROV1707;ウェイヴヒル;;;;;;;;;;X
PROV1708;ブルーム;;;;;;;;;;X
PROV1709;ゴールズワーシー;;;;;;;;;;X
PROV1710;カーナーヴォン;;;;;;;;;;X
PROV1711;ジェラルトン;;;;;;;;;;X
PROV1712;パース;;;;;;;;;;X
PROV1713;エスペランス;;;;;;;;;;X
PROV1714;ラヴァートン;;;;;;;;;;X
PROV1715;ギブソン砂漠;;;;;;;;;;X
PROV1716;ペノング;;;;;;;;;;X
PROV1717;ポートリンカーン;;;;;;;;;;X
PROV1718;ポートオーガスタ;;;;;;;;;;X
PROV1719;バーズヴィル;;;;;;;;;;X
PROV1720;キルピー;;;;;;;;;;X
PROV1721;ミッチェル;;;;;;;;;;X
PROV1722;ブリズベン;;;;;;;;;;X
PROV1723;コフスハーバー;;;;;;;;;;X
PROV1724;ニューカッスル;;;;;;;;;;X
PROV1725;ウェントワース;;;;;;;;;;X
PROV1726;コバー;;;;;;;;;;X
PROV1727;シドニー;;;;;;;;;;X
PROV1728;キャンベラ;;;;;;;;;;X
PROV1729;タスマニア;;;;;;;;;;X
PROV1730;メルボルン;;;;;;;;;;X
PROV1731;ヘイ;;;;;;;;;;X
PROV1732;マウントガンビア;;;;;;;;;;X
PROV1733;アデレード;;;;;;;;;;X
PROV1734;ブロークンヒル;;;;;;;;;;X
PROV1735;パラワン;;;;;;;;;;X
PROV1736;ミンドロ;;;;;;;;;;X
PROV1737;マニラ;;;;;;;;;;X
PROV1738;バターン;;;;;;;;;;X
PROV1739;クラークフィールド;;;;;;;;;;X
PROV1740;リンガエン湾;;;;;;;;;;X
PROV1741;アパリ;;;;;;;;;;X
PROV1742;ラモン湾;;;;;;;;;;X
PROV1743;レガスピ;;;;;;;;;;X
PROV1744;サマール;;;;;;;;;;X
PROV1745;レイテ;;;;;;;;;;X
PROV1746;パナイ;;;;;;;;;;X
PROV1747;ネグロス;;;;;;;;;;X
PROV1748;ザンボアンガ;;;;;;;;;;X
PROV1749;カガヤン;;;;;;;;;;X
PROV1750;ダバオ;;;;;;;;;;X
PROV1751;タヒチ;;;;;;;;;;X
PROV1752;フィジー;;;;;;;;;;X
PROV1753;ヴァヌアレヴ;;;;;;;;;;X
PROV1754;ラウ諸島;;;;;;;;;;X
PROV1755;タヴェウニ;;;;;;;;;;X
PROV1756;サモア;;;;;;;;;;X
PROV1757;タマナ;;;;;;;;;;X
PROV1758;アロラエ;;;;;;;;;;X
PROV1759;タビテウエア;;;;;;;;;;X
PROV1760;ノノウチ;;;;;;;;;;X
PROV1761;アパママ;;;;;;;;;;X
PROV1762;フェニックス島;;;;;;;;;;X
PROV1763;クリスマス島;;;;;;;;;;X
PROV1764;ジャーヴィス島;;;;;;;;;;X
PROV1765;パルミラ;;;;;;;;;;X
PROV1766;ジョンソン島;;;;;;;;;;X
PROV1767;マキン;;;;;;;;;;X
PROV1768;アバイアン;;;;;;;;;;X
PROV1769;タラワ;;;;;;;;;;X
PROV1770;マイアナ;;;;;;;;;;X
PROV1771;メゼニ;;;;;;;;;;X
PROV1772;ウフタ;;;;;;;;;;X
PROV1773;スィクトゥイフカル;;;;;;;;;;X
PROV1774;コテルニク;;;;;;;;;;X
PROV1775;ヨシカル・オラ;;;;;;;;;;X
PROV1776;チェボクサリ;;;;;;;;;;X
PROV1777;サランスク;;;;;;;;;;X
PROV1778;ウリヤノフスク;;;;;;;;;;X
PROV1779;;;;;;;;;;;X
PROV1780;カザン;;;;;;;;;;X
PROV1781;メレケス;;;;;;;;;;X
PROV1782;イジェフスク;;;;;;;;;;X
PROV1783;キーロフ;;;;;;;;;;X
PROV1784;小笠原諸島;;;;;;;;;;X
PROV1785;南鳥島;;;;;;;;;;X
PROV1786;ウェーク島;;;;;;;;;;X
PROV1787;ラシト;;;;;;;;;;X
PROV1788;ハマダン;;;;;;;;;;X
PROV1789;バクタラン;;;;;;;;;;X
PROV1790;ヒッラ;;;;;;;;;;X
PROV1791;カルバラ;;;;;;;;;;X
PROV1792;ダマスカス;;;;;;;;;;X
PROV1793;トリポリ;;;;;;;;;;X
PROV1794;ベイルート;;;;;;;;;;X
PROV1795;ゴラン;;;;;;;;;;X
PROV1796;アンマン;;;;;;;;;;X
PROV1797;エルサレム;;;;;;;;;;X
PROV1798;テルアヴィヴ;;;;;;;;;;X
PROV1799;ガザ;;;;;;;;;;X
PROV1800;エルアリシュ;;;;;;;;;;X
PROV1801;シャルムエルシェイク;;;;;;;;;;X
PROV1802;アカバ;;;;;;;;;;X
PROV1803;バイル;;;;;;;;;;X
PROV1804;メディナ;;;;;;;;;;X
PROV1805;ジャウフ;;;;;;;;;;X
PROV1806;ナジャフ;;;;;;;;;;X
PROV1807;リヤド;;;;;;;;;;X
PROV1808;ジッダ;;;;;;;;;;X
PROV1809;アブハ;;;;;;;;;;X
PROV1810;;;;;;;;;;;X
PROV1811;;;;;;;;;;;X
PROV1812;サヌア;;;;;;;;;;X
PROV1813;アデン;;;;;;;;;;X
PROV1814;ムカーラ;;;;;;;;;;X
PROV1815;ソコトラ;;;;;;;;;;X
PROV1816;セーシェル諸島;;;;;;;;;;X
PROV1817;ディエゴガルシア島;;;;;;;;;;X
PROV1818;ルブーアルハリー;;;;;;;;;;X
PROV1819;マスカット;;;;;;;;;;X
PROV1820;ドーハ;;;;;;;;;;X
PROV1821;ダンマーム;;;;;;;;;;X
PROV1822;クウェート;;;;;;;;;;X
PROV1823;バスラ;;;;;;;;;;X
PROV1824;ナーシリーヤ;;;;;;;;;;X
PROV1825;アバダン;;;;;;;;;;X
PROV1826;エスファハーン;;;;;;;;;;X
PROV1827;ナーベレジヌイェ・チェルヌイ;;;;;;;;;;X
PROV1828;クイビシェフ;;;;;;;;;;X
PROV1829;エンゲルス;;;;;;;;;;X
PROV1830;シズラニ;;;;;;;;;;X
PROV1831;ニコライエフカ;;;;;;;;;;X
PROV1832;サラトフ;;;;;;;;;;X
PROV1833;エノタエフカ;;;;;;;;;;X
PROV1834;クラスナヤ・スロボダ;;;;;;;;;;X
PROV1835;ニコライエフスク;;;;;;;;;;X
PROV1836;エルトン;;;;;;;;;;X
PROV1837;エリスタ;;;;;;;;;;X
PROV1838;アストラハン;;;;;;;;;;X
PROV1839;ノヴォウゼンスク;;;;;;;;;;X
PROV1840;コトラス;;;;;;;;;;X
PROV1841;ヴェリキーウスチューグ;;;;;;;;;;X
PROV1842;バシャンタ;;;;;;;;;;X
PROV1843;アルマヴィル;;;;;;;;;;X
PROV1844;マイコプ;;;;;;;;;;X
PROV1845;トゥアプセ;;;;;;;;;;X
PROV1846;ヴォロシロフスク;;;;;;;;;;X
PROV1847;グロズヌイ;;;;;;;;;;X
PROV1848;バトゥーミ;;;;;;;;;;X
PROV1849;ナルチク;;;;;;;;;;X
PROV1850;トゥビリシ;;;;;;;;;;X
PROV1851;カルス;;;;;;;;;;X
PROV1852;エルズルム;;;;;;;;;;X
PROV1853;エラーズー;;;;;;;;;;X
PROV1854;バトマン;;;;;;;;;;X
PROV1855;ヴァン;;;;;;;;;;X
PROV1856;エレヴァン;;;;;;;;;;X
PROV1857;マハチカラ;;;;;;;;;;X
PROV1858;キロヴァバード;;;;;;;;;;X
PROV1859;タブリーズ;;;;;;;;;;X
PROV1860;キルクーク;;;;;;;;;;X
PROV1861;デーレッゾール;;;;;;;;;;X
PROV1862;アレッポ;;;;;;;;;;X
PROV1863;ヒムス;;;;;;;;;;X
PROV1864;モスル;;;;;;;;;;X
PROV1865;サマラ;;;;;;;;;;X
PROV1866;バグダッド;;;;;;;;;;X
PROV1867;アゾレス諸島;;;;;;;;;;X
PROV1868;オークランド;;;;;;;;;;X
PROV1869;ネーピア;;;;;;;;;;X
PROV1870;ニュープリマス;;;;;;;;;;X
PROV1871;ウェリントン;;;;;;;;;;X
PROV1872;クライストチャーチ;;;;;;;;;;X
PROV1873;ダニーデン;;;;;;;;;;X
PROV1874;ポロツク;;;;;;;;;;X
PROV1875;;;;;;;;;;;X
PROV1876;;;;;;;;;;;X
PROV1877;フォートハーツ;;;;;;;;;;X
PROV1878;レド;;;;;;;;;;X
PROV1879;アリューシャン海台極東部;;;;;;;;;;X
PROV1880;ノートン湾;;;;;;;;;;X
PROV1881;ブリストル湾;;;;;;;;;;X
PROV1882;アリューシャン海溝北西部;;;;;;;;;;X
PROV1883;ニューヘブリデス海溝;;;;;;;;;;X
PROV1884;;;;;;;;;;;X
PROV1885;;;;;;;;;;;X
PROV1886;;;;;;;;;;;X
PROV1887;;;;;;;;;;;X
PROV1888;;;;;;;;;;;X
PROV1889;;;;;;;;;;;X
PROV1890;;;;;;;;;;;X
PROV1891;;;;;;;;;;;X
PROV1892;;;;;;;;;;;X
PROV1893;;;;;;;;;;;X
PROV1894;;;;;;;;;;;X
PROV1895;;;;;;;;;;;X
PROV1896;;;;;;;;;;;X
PROV1897;;;;;;;;;;;X
PROV1898;ナイガ;;;;;;;;;;X
PROV1899;;;;;;;;;;;X
PROV1900;ベーリング海峡西部;;;;;;;;;;X
PROV1901;アリューシャン海盆東部;;;;;;;;;;X
PROV1902;アリューシャン海盆南東部;;;;;;;;;;X
PROV1903;アリューシャン海台極西部;;;;;;;;;;X
PROV1904;アリューシャン海台西部;;;;;;;;;;X
PROV1905;ベーリング海峡東部;;;;;;;;;;X
PROV1906;アリューシャン海台東部;;;;;;;;;;X
PROV1907;バクー;;;;;;;;;;X
PROV1908;マソアラ岬;;;;;;;;;;X
PROV1909;リビエールデュルー;;;;;;;;;;X
PROV1910;ヴァルデス半島;;;;;;;;;;X
PROV1911;アリューシャン海溝北東部;;;;;;;;;;X
PROV1912;クック入江;;;;;;;;;;X
PROV1913;クロス海峡;;;;;;;;;;X
PROV1914;ディクソン海峡;;;;;;;;;;X
PROV1915;ギルバート海山;;;;;;;;;;X
PROV1916;アリューシャン海溝北部;;;;;;;;;;X
PROV1917;アリューシャン海溝中部;;;;;;;;;;X
PROV1918;アリューシャン海溝東部;;;;;;;;;;X
PROV1919;タフツ深海平原;;;;;;;;;;X
PROV1920;アイケルブルク海山;;;;;;;;;;X
PROV1921;クイーンシャーロット海峡;;;;;;;;;;X
PROV1922;フアンデフカ海峡;;;;;;;;;;X
PROV1923;ウィラパ湾;;;;;;;;;;X
PROV1924;コーンストック海山;;;;;;;;;;X
PROV1925;ハリス海山;;;;;;;;;;X
PROV1926;チヌーク海盆;;;;;;;;;;X
PROV1927;ハワイ海嶺西部;;;;;;;;;;X
PROV1928;ハワイ海嶺北部;;;;;;;;;;X
PROV1929;ハワイ海嶺北中部;;;;;;;;;;X
PROV1930;マリー断裂帯西部;;;;;;;;;;X
PROV1931;メンデルスゾーン海山;;;;;;;;;;X
PROV1932;マリー断裂帯東部;;;;;;;;;;X
PROV1933;メンドシノ断裂帯西部;;;;;;;;;;X
PROV1934;メンドシノ断裂帯東部;;;;;;;;;;X
PROV1935;パットン海底崖;;;;;;;;;;X
PROV1936;メンドシノ岬;;;;;;;;;;X
PROV1937;サンフランシスコ湾;;;;;;;;;;X
PROV1938;サンタバーバラ海峡;;;;;;;;;;X
PROV1939;セバスチャンヴィスカイノ湾;;;;;;;;;;X
PROV1940;セドロス海溝;;;;;;;;;;X
PROV1941;マグデレーナ湾;;;;;;;;;;X
PROV1942;モロカイ断裂帯東部;;;;;;;;;;X
PROV1943;モロカイ断裂帯西部;;;;;;;;;;X
PROV1944;フレンチフリゲート環礁;;;;;;;;;;X
PROV1945;ハワイ海嶺南中部;;;;;;;;;;X
PROV1946;マゼラン海山列;;;;;;;;;;X
PROV1947;ハワイ海嶺南部;;;;;;;;;;X
PROV1948;マゼラン海山列西部;;;;;;;;;;X
PROV1949;マゼラン海山列東部;;;;;;;;;;X
PROV1950;マゼラン海山列南部;;;;;;;;;;X
PROV1951;中央ギルバート諸島;;;;;;;;;;X
PROV1952;ギルバート・フェニックス水路;;;;;;;;;;X
PROV1953;ライン諸島南部;;;;;;;;;;X
PROV1954;ライン諸島中部;;;;;;;;;;X
PROV1955;ライン諸島北部;;;;;;;;;;X
PROV1956;クラリオン断裂帯西部;;;;;;;;;;X
PROV1957;クリッパートーン断裂帯極西部;;;;;;;;;;X
PROV1958;クリッパートーン断裂帯西部;;;;;;;;;;X
PROV1959;クリッパートーン断裂帯東部;;;;;;;;;;X
PROV1960;クリッパートーン断裂帯極東部;;;;;;;;;;X
PROV1961;グアテマラ海盆南部;;;;;;;;;;X
PROV1962;グアテマラ海盆北部;;;;;;;;;;X
PROV1963;ペルー・チリ海溝北部;;;;;;;;;;X
PROV1964;マンタ湾;;;;;;;;;;X
PROV1965;グアヤキル湾;;;;;;;;;;X
PROV1966;サマンコ湾;;;;;;;;;;X
PROV1967;ペルー・チリ海溝中部;;;;;;;;;;X
PROV1968;ペルー海盆;;;;;;;;;;X
PROV1969;イースター断裂帯東部;;;;;;;;;;X
PROV1970;マルケサス断裂帯東部;;;;;;;;;;X
PROV1971;イースター断裂帯西部;;;;;;;;;;X
PROV1972;マルケサス断裂帯中部;;;;;;;;;;X
PROV1973;マルケサス断裂帯西部;;;;;;;;;;X
PROV1974;マニヒキ海台;;;;;;;;;;X
PROV1975;トンガ海溝北部;;;;;;;;;;X
PROV1976;ノーフォーク海嶺;;;;;;;;;;X
PROV1977;ケルマディック海溝;;;;;;;;;;X
PROV1978;キャンベル海台東部;;;;;;;;;;X
PROV1979;ルイスヴィル海嶺西部;;;;;;;;;;X
PROV1980;トンガ海溝西部;;;;;;;;;;X
PROV1981;トンガ海溝東部;;;;;;;;;;X
PROV1982;ルイスヴィル海嶺東部;;;;;;;;;;X
PROV1983;ウディツェフ断裂帯西部;;;;;;;;;;X
PROV1984;ウディツェフ断裂帯中部;;;;;;;;;;X
PROV1985;エルタニン断裂帯西部;;;;;;;;;;X
PROV1986;チャレンジャー断裂帯西部;;;;;;;;;;X
PROV1987;チャレンジャー断裂帯中部;;;;;;;;;;X
PROV1988;エルタニン断裂帯中部;;;;;;;;;;X
PROV1989;ウディツェフ断裂帯東部;;;;;;;;;;X
PROV1990;エルタニン断裂帯東部;;;;;;;;;;X
PROV1991;チャレンジャー断裂帯東部;;;;;;;;;;X
PROV1992;フンボルト深海平原北西部;;;;;;;;;;X
PROV1993;フンボルト深海平原南西部;;;;;;;;;;X
PROV1994;フンボルト深海平原南東部;;;;;;;;;;X
PROV1995;マゼラン海峡;;;;;;;;;;X
PROV1996;ホーン岬;;;;;;;;;;X
PROV1997;サンホルヘ湾;;;;;;;;;;X
PROV1998;フォークランド海台西部;;;;;;;;;;X
PROV1999;サウスジョージア海嶺西部;;;;;;;;;;X
PROV2000;サウスジョージア海嶺東部;;;;;;;;;;X
PROV2001;フォークランド海台東部;;;;;;;;;;X
PROV2002;サウスサンドウィッチ海溝西部;;;;;;;;;;X
PROV2003;サウスサンドウィッチ海溝東部;;;;;;;;;;X
PROV2004;アルゼンチン海底平原南東部;;;;;;;;;;X
PROV2005;アメリカ・南極海嶺;;;;;;;;;;X
PROV2006;大西洋・インド海嶺西部;;;;;;;;;;X
PROV2007;ケープ海底平原;;;;;;;;;;X
PROV2008;アルゴア湾;;;;;;;;;;X
PROV2009;大西洋・インド海嶺東部;;;;;;;;;;X
PROV2010;アガラス海台;;;;;;;;;;X
PROV2011;ワイルドコースト;;;;;;;;;;X
PROV2012;デラゴア湾;;;;;;;;;;X
PROV2013;ナタール海盆南部;;;;;;;;;;X
PROV2014;インド海嶺南西部;;;;;;;;;;X
PROV2015;マダガスカル海盆南西部;;;;;;;;;;X
PROV2016;イニャンバネ湾;;;;;;;;;;X
PROV2017;ソファラ湾;;;;;;;;;;X
PROV2018;ツィリビヒナ河口;;;;;;;;;;X
PROV2019;アンカボア岬;;;;;;;;;;X
PROV2020;ナタール海盆東部;;;;;;;;;;X
PROV2021;サントマリー岬;;;;;;;;;;X
PROV2022;マダガスカル海盆北西部;;;;;;;;;;X
PROV2023;マナンボボ河口;;;;;;;;;;X
PROV2024;マナナラ河口;;;;;;;;;;X
PROV2025;マダガスカル海盆北東部;;;;;;;;;;X
PROV2026;マスカリン海台南部;;;;;;;;;;X
PROV2027;マスカリン海盆東部;;;;;;;;;;X
PROV2028;アンブル岬;;;;;;;;;;X
PROV2029;ボンベトカ湾;;;;;;;;;;X
PROV2030;ヴィラナンドロ岬;;;;;;;;;;X
PROV2031;ザンジバル海峡;;;;;;;;;;X
PROV2032;ソマリア南海岸;;;;;;;;;;X
PROV2033;マスカリン海盆西部;;;;;;;;;;X
PROV2034;マスカリン海台西部;;;;;;;;;;X
PROV2035;ソマリ海盆東部;;;;;;;;;;X
PROV2036;アラビア海盆南部;;;;;;;;;;X
PROV2037;アラビア海盆西部;;;;;;;;;;X
PROV2038;ハラニヤト湾;;;;;;;;;;X
PROV2039;グワタル湾;;;;;;;;;;X
PROV2040;オマーン湾;;;;;;;;;;X
PROV2041;ペルシア湾;;;;;;;;;;X
PROV2042;インダス河口;;;;;;;;;;X
PROV2043;カンバト湾;;;;;;;;;;X
PROV2044;パドヴァバンク;;;;;;;;;;X
PROV2045;マラバル海岸;;;;;;;;;;X
PROV2046;ナインディグリー海峡;;;;;;;;;;X
PROV2047;マンナル湾;;;;;;;;;;X
PROV2048;中央インド海盆北部;;;;;;;;;;X
PROV2049;チャゴス・ラッカディブ海台南部;;;;;;;;;;X
PROV2050;マスカリン海台東部;;;;;;;;;;X
PROV2051;中央インド海嶺北部;;;;;;;;;;X
PROV2052;中央インド海盆中部;;;;;;;;;;X
PROV2053;東経90度海嶺北部;;;;;;;;;;X
PROV2054;ベンガル湾南部;;;;;;;;;;X
PROV2055;ベンガル湾中部;;;;;;;;;;X
PROV2056;アンダマン海西部;;;;;;;;;;X
PROV2057;ポーク海峡;;;;;;;;;;X
PROV2058;クリシュナ河口;;;;;;;;;;X
PROV2059;ガンジス河口西部;;;;;;;;;;X
PROV2060;ガンジス河口東部;;;;;;;;;;X
PROV2061;マルタパン湾;;;;;;;;;;X
PROV2062;アンダマン海南部;;;;;;;;;;X
PROV2063;中央インド海嶺中部;;;;;;;;;;X
PROV2064;中央インド海嶺南部;;;;;;;;;;X
PROV2065;マダガスカル海盆南東部;;;;;;;;;;X
PROV2066;クローゼー海盆;;;;;;;;;;X
PROV2067;インド海嶺南東部;;;;;;;;;;X
PROV2068;ブロークン海嶺西部;;;;;;;;;;X
PROV2069;ブロークン海嶺東部;;;;;;;;;;X
PROV2070;中央インド海盆南部;;;;;;;;;;X
PROV2071;東経90度海嶺南部;;;;;;;;;;X
PROV2072;アンダマン海東部;;;;;;;;;;X
PROV2073;マラッカ海峡北部;;;;;;;;;;X
PROV2074;タパヌリ湾;;;;;;;;;;X
PROV2075;ムンタワイ海峡;;;;;;;;;;X
PROV2076;ジャワ海溝中部;;;;;;;;;;X
PROV2077;スンダ海峡;;;;;;;;;;X
PROV2078;インヴェスティゲーター海嶺;;;;;;;;;;X
PROV2079;ワラビー海台;;;;;;;;;;X
PROV2080;ジャワ海溝南部;;;;;;;;;;X
PROV2081;ジャワ海溝東部;;;;;;;;;;X
PROV2082;北オーストラリア海盆;;;;;;;;;;X
PROV2083;キュヴィエ海台;;;;;;;;;;X
PROV2084;パース海盆;;;;;;;;;;X
PROV2085;南オーストラリア海盆西部;;;;;;;;;;X
PROV2086;大陸斜面西部;;;;;;;;;;X
PROV2087;ナチュラリスト岬;;;;;;;;;;X
PROV2088;シャーク湾;;;;;;;;;;X
PROV2089;エクスマス湾;;;;;;;;;;X
PROV2090;エクスマス海台;;;;;;;;;;X
PROV2091;キング海峡;;;;;;;;;;X
PROV2092;南オーストラリア海盆東部;;;;;;;;;;X
PROV2093;大陸斜面東部;;;;;;;;;;X
PROV2094;ハウ岬西部;;;;;;;;;;X
PROV2095;サンディーバイト;;;;;;;;;;X
PROV2096;ヘッドオブバイト;;;;;;;;;;X
PROV2097;スペンサー湾;;;;;;;;;;X
PROV2098;バス海峡西部;;;;;;;;;;X
PROV2099;タスマニア海嶺南部;;;;;;;;;;X
PROV2100;バス海峡東部;;;;;;;;;;X
PROV2101;南ソロモン海溝東部;;;;;;;;;;X
PROV2102;ウェスト岬;;;;;;;;;;X
PROV2103;フォーヴォー海峡;;;;;;;;;;X
PROV2104;キャンベル海台西部;;;;;;;;;;X
PROV2105;ホーク湾;;;;;;;;;;X
PROV2106;プレンティー湾;;;;;;;;;;X
PROV2107;ニューカレドニア海盆;;;;;;;;;;X
PROV2108;ノース岬;;;;;;;;;;X
PROV2109;ロードハウ海膨;;;;;;;;;;X
PROV2110;クック海峡;;;;;;;;;;X
PROV2111;ボタニー湾;;;;;;;;;;X
PROV2112;バイロン岬;;;;;;;;;;X
PROV2113;グレートバリアリーフ南西部;;;;;;;;;;X
PROV2114;グレートバリアリーフ南東部;;;;;;;;;;X
PROV2115;南ソロモン海溝中部;;;;;;;;;;X
PROV2116;グレートバリアリーフ北東部;;;;;;;;;;X
PROV2117;ソロモン海中部;;;;;;;;;;X
PROV2118;スロット;;;;;;;;;;X
PROV2119;ソロモン海南部;;;;;;;;;;X
PROV2120;南ソロモン海溝西部;;;;;;;;;;X
PROV2121;セントジョージ海峡;;;;;;;;;;X
PROV2122;フォン湾;;;;;;;;;;X
PROV2123;イサベル海峡;;;;;;;;;;X
PROV2124;ギルバート諸島北西部;;;;;;;;;;X
PROV2125;ギルバート諸島西部;;;;;;;;;;X
PROV2126;パプア湾;;;;;;;;;;X
PROV2127;グッドイナッフ湾;;;;;;;;;;X
PROV2128;グレートバリアリーフ北西部;;;;;;;;;;X
PROV2129;カーペンタリア湾;;;;;;;;;;X
PROV2130;メラウケ海岸;;;;;;;;;;X
PROV2131;トレス海峡;;;;;;;;;;X
PROV2132;フラミンゴ湾;;;;;;;;;;X
PROV2133;ラカヒア湾;;;;;;;;;;X
PROV2134;エゲロン海峡;;;;;;;;;;X
PROV2135;バンダ海南部;;;;;;;;;;X
PROV2136;アラフラ大陸棚;;;;;;;;;;X
PROV2137;ヴァンディーメン湾;;;;;;;;;;X
PROV2138;サヴ海;;;;;;;;;;X
PROV2139;モルッカ海南部;;;;;;;;;;X
PROV2140;サペ海峡;;;;;;;;;;X
PROV2141;マドゥラ海峡;;;;;;;;;;X
PROV2142;バリ海峡;;;;;;;;;;X
PROV2143;アワラワル岬;;;;;;;;;;X
PROV2144;ガスパル海峡;;;;;;;;;;X
PROV2145;セラサン海峡;;;;;;;;;;X
PROV2146;バンカ海峡;;;;;;;;;;X
PROV2147;マラッカ海峡南部;;;;;;;;;;X
PROV2148;バンコク湾;;;;;;;;;;X
PROV2149;シャム湾東部;;;;;;;;;;X
PROV2150;シャム湾西部;;;;;;;;;;X
PROV2151;シンガポール海峡;;;;;;;;;;X
PROV2152;スプラトリー海南部;;;;;;;;;;X
PROV2153;ブルネイ湾;;;;;;;;;;X
PROV2154;スプラトリー海中部;;;;;;;;;;X
PROV2155;カムラン湾;;;;;;;;;;X
PROV2156;トンキン湾;;;;;;;;;;X
PROV2157;スプラトリー海北部;;;;;;;;;;X
PROV2158;海南海峡;;;;;;;;;;X
PROV2159;パラワン海峡;;;;;;;;;;X
PROV2160;セレベス海西部;;;;;;;;;;X
PROV2161;マカッサル海峡;;;;;;;;;;X
PROV2162;モルッカ海北部;;;;;;;;;;X
PROV2163;モルッカ海中部;;;;;;;;;;X
PROV2164;セラム海;;;;;;;;;;X
PROV2165;バンダ海北部;;;;;;;;;;X
PROV2166;セレベス海東部;;;;;;;;;;X
PROV2167;ヘールヴィンク湾;;;;;;;;;;X
PROV2168;フンボルト湾;;;;;;;;;;X
PROV2169;ダンピール海峡;;;;;;;;;;X
PROV2170;東カロリン海盆;;;;;;;;;;X
PROV2171;マーシャル諸島南西部;;;;;;;;;;X
PROV2172;マーシャル諸島中部;;;;;;;;;;X
PROV2173;マゼラン海山列南部;;;;;;;;;;X
PROV2174;東マリアナ海盆南部;;;;;;;;;;X
PROV2175;マリアナ海溝南部;;;;;;;;;;X
PROV2176;マリアナトラフ;;;;;;;;;;X
PROV2177;ヤップ海溝;;;;;;;;;;X
PROV2178;西カロリン海盆;;;;;;;;;;X
PROV2179;ブーカ海峡;;;;;;;;;;X
PROV2180;マーシャル諸島南東部;;;;;;;;;;X
PROV2181;マリアナ海溝北部;;;;;;;;;;X
PROV2182;マリアナ海盆西部;;;;;;;;;;X
PROV2183;九州・パラオ海嶺北部;;;;;;;;;;X
PROV2184;琉球海溝;;;;;;;;;;X
PROV2185;琉球諸島南部;;;;;;;;;;X
PROV2186;杭州湾;;;;;;;;;;X
PROV2187;琉球諸島北部;;;;;;;;;;X
PROV2188;黄海南部;;;;;;;;;;X
PROV2189;黄海北部;;;;;;;;;;X
PROV2190;渤海;;;;;;;;;;X
PROV2191;ウラジオストック湾;;;;;;;;;;X
PROV2192;対馬海峡;;;;;;;;;;X
PROV2193;日本海;;;;;;;;;;X
PROV2194;富山湾;;;;;;;;;;X
PROV2195;伊豆海溝;;;;;;;;;;X
PROV2196;小笠原海溝;;;;;;;;;;X
PROV2197;東マリアナ海盆北部;;;;;;;;;;X
PROV2198;マゼラン海山列北部;;;;;;;;;;X
PROV2199;マーシャル諸島北西部;;;;;;;;;;X
PROV2200;中部太平洋海山群南西部;;;;;;;;;;X
PROV2201;中部太平洋海山群南東部;;;;;;;;;;X
PROV2202;マーシャル諸島北東部;;;;;;;;;;X
PROV2203;マップメーカー海山列;;;;;;;;;;X
PROV2204;グローヴナー海山;;;;;;;;;;X
PROV2205;日本海溝;;;;;;;;;;X
PROV2206;マカロフ海山;;;;;;;;;;X
PROV2207;シャツキー海台;;;;;;;;;;X
PROV2208;天皇海山列;;;;;;;;;;X
PROV2209;ヘス海台;;;;;;;;;;X
PROV2210;イサコフ海山;;;;;;;;;;X
PROV2211;千島海溝南部;;;;;;;;;;X
PROV2212;網走湾;;;;;;;;;;X
PROV2213;津軽海峡;;;;;;;;;;X
PROV2214;千島海盆西部;;;;;;;;;;X
PROV2215;タタール湾;;;;;;;;;;X
PROV2216;間宮海峡;;;;;;;;;;X
PROV2217;サハリン湾;;;;;;;;;;X
PROV2218;ウリバン湾;;;;;;;;;;X
PROV2219;エリネア湾;;;;;;;;;;X
PROV2220;オホーツク海中部;;;;;;;;;;X
PROV2221;タウイ湾;;;;;;;;;;X
PROV2222;千島海盆東部;;;;;;;;;;X
PROV2223;千島海峡;;;;;;;;;;X
PROV2224;オホーツク海東部;;;;;;;;;;X
PROV2225;シェリホフ湾;;;;;;;;;;X
PROV2226;ペンジナ湾;;;;;;;;;;X
PROV2227;クロノツキ湾;;;;;;;;;;X
PROV2228;カムチャッカ湾;;;;;;;;;;X
PROV2229;千島海溝北部;;;;;;;;;;X
PROV2230;アリューシャン海盆南西部;;;;;;;;;;X
PROV2231;アリューシャン海盆南部;;;;;;;;;;X
PROV2232;アリューシャン海盆中部;;;;;;;;;;X
PROV2233;アリューシャン海盆西部;;;;;;;;;;X
PROV2234;アリューシャン海盆北西部;;;;;;;;;;X
PROV2235;シルショフ海嶺南部;;;;;;;;;;X
PROV2236;オリュトルスキー湾;;;;;;;;;;X
PROV2237;アナディル湾;;;;;;;;;;X
PROV2238;シルショフ海嶺北部;;;;;;;;;;X
PROV2239;アリューシャン海盆北部;;;;;;;;;;X
PROV2240;オビ湾;;;;;;;;;;X
PROV2241;バイカル湖;;;;;;;;;;X
PROV2242;翻陽湖;;;;;;;;;;X
PROV2243;洞庭湖;;;;;;;;;;X
PROV2244;青海湖;;;;;;;;;;X
PROV2245;ザイサン湖;;;;;;;;;;X
PROV2246;バルハシ湖;;;;;;;;;;X
PROV2247;カロリン諸島東部;;;;;;;;;;X
PROV2248;カロリン諸島北部;;;;;;;;;;X
PROV2249;カロリン諸島中部;;;;;;;;;;X
PROV2250;フィリピン海溝南部;;;;;;;;;;X
PROV2251;ダバオ湾;;;;;;;;;;X
PROV2252;パナイ湾;;;;;;;;;;X
PROV2253;スリガオ海峡;;;;;;;;;;X
PROV2254;シブヤン海;;;;;;;;;;X
PROV2255;レイテ湾;;;;;;;;;;X
PROV2256;マニラ湾;;;;;;;;;;X
PROV2257;リンガエン湾;;;;;;;;;;X
PROV2258;ラモン湾;;;;;;;;;;X
PROV2259;サンベルナルディーノ海峡;;;;;;;;;;X
PROV2260;オーラス湾;;;;;;;;;;X
PROV2261;ディビラカン湾;;;;;;;;;;X
PROV2262;バブヤン海峡;;;;;;;;;;X
PROV2263;神泉湾;;;;;;;;;;X
PROV2264;フィリピン海溝北部;;;;;;;;;;X
PROV2265;フィリピン海溝中部;;;;;;;;;;X
PROV2266;九州・パラオ海嶺南部;;;;;;;;;;X
PROV2267;パラオ海溝;;;;;;;;;;X
PROV2268;アガラス岬;;;;;;;;;;X
PROV2269;フォールス湾;;;;;;;;;;X
PROV2270;ウォルヴィス海嶺西部;;;;;;;;;;X
PROV2271;アンゴラ海盆中部;;;;;;;;;;X
PROV2272;ウォルヴィス海嶺東部;;;;;;;;;;X
PROV2273;マクドゥーガルズ湾;;;;;;;;;;X
PROV2274;ウォルヴィス湾;;;;;;;;;;X
PROV2275;フリア岬;;;;;;;;;;X
PROV2276;アンゴラ海岸;;;;;;;;;;X
PROV2277;コンゴコーン東部;;;;;;;;;;X
PROV2278;ロペス岬;;;;;;;;;;X
PROV2279;コリスコ湾;;;;;;;;;;X
PROV2280;ニジェールデルタ;;;;;;;;;;X
PROV2281;チャド湖;;;;;;;;;;X
PROV2282;ヴィクトリア湖;;;;;;;;;;X
PROV2283;タンガニーカ湖;;;;;;;;;;X
PROV2284;ニアサ湖;;;;;;;;;;X
PROV2285;ギニア湾東部;;;;;;;;;;X
PROV2286;コンゴコーン西部;;;;;;;;;;X
PROV2287;ギニア海盆東部;;;;;;;;;;X
PROV2288;ギニア湾中西部;;;;;;;;;;X
PROV2289;スレイブコースト;;;;;;;;;;X
PROV2290;ゴールドコースト;;;;;;;;;;X
PROV2291;アイヴォリーコースト;;;;;;;;;;X
PROV2292;ペッパーコースト;;;;;;;;;;X
PROV2293;レオニアン諸島;;;;;;;;;;X
PROV2294;ビジャゴス諸島;;;;;;;;;;X
PROV2295;ガンビア海盆;;;;;;;;;;X
PROV2296;ガンビア湾;;;;;;;;;;X
PROV2297;ブラン岬;;;;;;;;;;X
PROV2298;ヴェルデ岬アプローチ南部;;;;;;;;;;X
PROV2299;ヴェルデ岬アプローチ北部;;;;;;;;;;X
PROV2300;カナリーアプローチ;;;;;;;;;;X
PROV2301;シントラ湾;;;;;;;;;;X
PROV2302;ボハドル岬;;;;;;;;;;X
PROV2303;ドラア岬;;;;;;;;;;X
PROV2304;アゾレス海南部;;;;;;;;;;X
PROV2305;大西洋中央海嶺東部;;;;;;;;;;X
PROV2306;大西洋中央海嶺東部中央;;;;;;;;;;X
PROV2307;大西洋中央海嶺中南部北側;;;;;;;;;;X
PROV2308;大西洋中央海嶺中部南側;;;;;;;;;;X
PROV2309;大西洋中央海嶺中部北側;;;;;;;;;;X
PROV2310;サルガッソー海南東部;;;;;;;;;;X
PROV2311;サルガッソー海東部;;;;;;;;;;X
PROV2312;バミューダ島東部;;;;;;;;;;X
PROV2313;ギアナ海盆北部;;;;;;;;;;X
PROV2314;バミューダ島南部;;;;;;;;;;X
PROV2315;バミューダ島西部;;;;;;;;;;X
PROV2316;ブレイク海台;;;;;;;;;;X
PROV2317;ケープカナヴェラル;;;;;;;;;;X
PROV2318;フィア岬;;;;;;;;;;X
PROV2319;エリー湖;;;;;;;;;;X
PROV2320;オンタリオ湖;;;;;;;;;;X
PROV2321;ヒューロン湖;;;;;;;;;;X
PROV2322;ミシガン湖;;;;;;;;;;X
PROV2323;スペリオル湖;;;;;;;;;;X
PROV2324;ニピゴン湖;;;;;;;;;;X
PROV2325;マニトバ湖;;;;;;;;;;X
PROV2326;ウィニペグ湖;;;;;;;;;;X
PROV2327;ウィニペゴーシス湖;;;;;;;;;;X
PROV2328;グレートスレーヴ湖;;;;;;;;;;X
PROV2329;グレートベア湖;;;;;;;;;;X
PROV2330;チェスターフィールド湾;;;;;;;;;;X
PROV2331;フォックス海盆;;;;;;;;;;X
PROV2332;ジェームズ湾;;;;;;;;;;X
PROV2333;ハドソン海峡;;;;;;;;;;X
PROV2334;バフィン湾;;;;;;;;;;X
PROV2335;メルヴィル湾;;;;;;;;;;X
PROV2336;カンバーランド湾;;;;;;;;;;X
PROV2337;アンガヴァ湾;;;;;;;;;;X
PROV2338;グース湾;;;;;;;;;;X
PROV2339;ホワイト湾;;;;;;;;;;X
PROV2340;ボナヴィスタ湾;;;;;;;;;;X
PROV2341;フォーチュン湾;;;;;;;;;;X
PROV2342;ベルアイル海峡;;;;;;;;;;X
PROV2343;セントローレンス湾;;;;;;;;;;X
PROV2344;カボート海峡;;;;;;;;;;X
PROV2345;ファンディ湾;;;;;;;;;;X
PROV2346;メイン湾;;;;;;;;;;X
PROV2347;ナンタケット海峡;;;;;;;;;;X
PROV2348;チェサピーク湾;;;;;;;;;;X
PROV2349;ハッテラス岬;;;;;;;;;;X
PROV2350;ニューイングランド大陸棚;;;;;;;;;;X
PROV2351;バミューダ島北部;;;;;;;;;;X
PROV2352;セーブル島バンク;;;;;;;;;;X
PROV2353;ニューイングランド海山群;;;;;;;;;;X
PROV2354;グランドバンクス;;;;;;;;;;X
PROV2355;コーナー海山群;;;;;;;;;;X
PROV2356;大西洋中央海嶺北部南側;;;;;;;;;;X
PROV2357;アゾレス海東部;;;;;;;;;;X
PROV2358;アゾレス海北部;;;;;;;;;;X
PROV2359;ギブズ断裂帯東部;;;;;;;;;;X
PROV2360;フレミッシュ岬;;;;;;;;;;X
PROV2361;ギブズ断裂帯西部;;;;;;;;;;X
PROV2362;ラブラドル海南西部;;;;;;;;;;X
PROV2363;デーヴィス海峡;;;;;;;;;;X
PROV2364;ラブラドル海北中部;;;;;;;;;;X
PROV2365;トルデンスキョルバンク;;;;;;;;;;X
PROV2366;スキョルンゲンバンク;;;;;;;;;;X
PROV2367;デンマーク海峡西部;;;;;;;;;;X
PROV2368;デンマーク海峡北西部;;;;;;;;;;X
PROV2369;デンマーク海峡中部;;;;;;;;;;X
PROV2370;イルミンガー海盆;;;;;;;;;;X
PROV2371;ラブラドル海中部;;;;;;;;;;X
PROV2372;ラブラドル海北部;;;;;;;;;;X
PROV2373;デンマーク海峡南部;;;;;;;;;;X
PROV2374;ファクサ湾;;;;;;;;;;X
PROV2375;フーナ湾;;;;;;;;;;X
PROV2376;グリーンランド海西部;;;;;;;;;;X
PROV2377;フェロー諸島海溝北西部;;;;;;;;;;X
PROV2378;グリーンランド海中部;;;;;;;;;;X
PROV2379;グリーンランド海東部;;;;;;;;;;X
PROV2380;グリーンランド海南部;;;;;;;;;;X
PROV2381;カニン岬;;;;;;;;;;X
PROV2382;バレンツ海中部;;;;;;;;;;X
PROV2383;バレンツ海南部;;;;;;;;;;X
PROV2384;白海;;;;;;;;;;X
PROV2385;ヴァランゲルフィヨルド;;;;;;;;;;X
PROV2386;ノールカップ;;;;;;;;;;X
PROV2387;アルテンフィヨルド;;;;;;;;;;X
PROV2388;ヴェストフィヨルド;;;;;;;;;;X
PROV2389;トロンヘイムフィヨルド;;;;;;;;;;X
PROV2390;モルデフィヨルド;;;;;;;;;;X
PROV2391;ノルウェー海中部;;;;;;;;;;X
PROV2392;ソグネフィヨルド;;;;;;;;;;X
PROV2393;ボクナフィヨルド;;;;;;;;;;X
PROV2394;北海中南部;;;;;;;;;;X
PROV2395;テムズ河口;;;;;;;;;;X
PROV2396;ウォッシュ湾;;;;;;;;;;X
PROV2397;タイン河口;;;;;;;;;;X
PROV2398;フォース湾;;;;;;;;;;X
PROV2399;ドッガーバンク;;;;;;;;;;X
PROV2400;北海中西部;;;;;;;;;;X
PROV2401;ロックオールバンク;;;;;;;;;;X
PROV2402;ペントランド海峡;;;;;;;;;;X
PROV2403;ミンチ海峡;;;;;;;;;;X
PROV2404;リトルミンチ海峡;;;;;;;;;;X
PROV2405;ノース海峡;;;;;;;;;;X
PROV2406;ソルウェー湾;;;;;;;;;;X
PROV2407;ドニゴール湾;;;;;;;;;;X
PROV2408;ゴールウェイ湾;;;;;;;;;;X
PROV2409;シャノン河口;;;;;;;;;;X
PROV2410;セントジョージ海峡;;;;;;;;;;X
PROV2411;ケルト海;;;;;;;;;;X
PROV2412;イギリス海峡東部;;;;;;;;;;X
PROV2413;イギリス海峡西部;;;;;;;;;;X
PROV2414;イギリス海峡開口部;;;;;;;;;;X
PROV2415;ビスケー湾北部;;;;;;;;;;X
PROV2416;ビスケー湾中部;;;;;;;;;;X
PROV2417;ビスケー湾南部;;;;;;;;;;X
PROV2418;ビスケー湾南西部;;;;;;;;;;X
PROV2419;コスタヴェルデ;;;;;;;;;;X
PROV2420;ビスケー海盆西部;;;;;;;;;;X
PROV2421;ハットンバンク;;;;;;;;;;X
PROV2422;ケルト大陸棚西部;;;;;;;;;;X
PROV2423;アゾレス海西部;;;;;;;;;;X
PROV2424;イベリア大陸棚南部;;;;;;;;;;X
PROV2425;リアスバハス;;;;;;;;;;X
PROV2426;ポルト海岸;;;;;;;;;;X
PROV2427;リスボン海岸;;;;;;;;;;X
PROV2428;カディス湾;;;;;;;;;;X
PROV2429;モロッコ湾;;;;;;;;;;X
PROV2430;ジブラルタル海峡;;;;;;;;;;X
PROV2431;アルメイラ湾;;;;;;;;;;X
PROV2432;ブランカ海岸;;;;;;;;;;X
PROV2433;バレアレス海;;;;;;;;;;X
PROV2434;アルジェ海岸;;;;;;;;;;X
PROV2435;リヨン湾中部;;;;;;;;;;X
PROV2436;フィリップヴィル沿岸;;;;;;;;;;X
PROV2437;カグリアリ湾;;;;;;;;;;X
PROV2438;ジェノヴァ湾;;;;;;;;;;X
PROV2439;リグリア海;;;;;;;;;;X
PROV2440;ガベス湾;;;;;;;;;;X
PROV2441;サレルノ湾;;;;;;;;;;X
PROV2442;シドラ湾;;;;;;;;;;X
PROV2443;タラント湾;;;;;;;;;;X
PROV2444;アドリア海北部;;;;;;;;;;X
PROV2445;アドリア海中部;;;;;;;;;;X
PROV2446;アドリア海南部;;;;;;;;;;X
PROV2447;バラトン湖;;;;;;;;;;X
PROV2448;イオニア海;;;;;;;;;;X
PROV2449;バルタ・ブライレイ;;;;;;;;;;X
PROV2450;バルタ・イアロメテイ;;;;;;;;;;X
PROV2451;トブルク海岸;;;;;;;;;;X
PROV2452;レヴァント海;;;;;;;;;;X
PROV2453;スエズ運河;;;;;;;;;;X
PROV2454;アレキサンドリア海岸;;;;;;;;;;X
PROV2455;紅海北部;;;;;;;;;;X
PROV2456;紅海南部;;;;;;;;;;X
PROV2457;アデン湾西部;;;;;;;;;;X
PROV2458;アデン湾中部;;;;;;;;;;X
PROV2459;アデン湾東部;;;;;;;;;;X
PROV2460;ソマリア海岸東部;;;;;;;;;;X
PROV2461;ソマリア海岸南東部;;;;;;;;;;X
PROV2462;ソマリ海盆;;;;;;;;;;X
PROV2463;クレタ海;;;;;;;;;;X
PROV2464;エーゲ海北部;;;;;;;;;;X
PROV2465;黒海南部;;;;;;;;;;X
PROV2466;黒海中部;;;;;;;;;;X
PROV2467;黒海南東部;;;;;;;;;;X
PROV2468;アゾフ海;;;;;;;;;;X
PROV2469;カスピ海;;;;;;;;;;X
PROV2470;アラル海;;;;;;;;;;X
PROV2471;クロマーティ湾;;;;;;;;;;X
PROV2472;ワッデン海;;;;;;;;;;X
PROV2473;ヘルゴラント湾;;;;;;;;;;X
PROV2474;スカゲラク海峡;;;;;;;;;;X
PROV2475;カテガット海峡;;;;;;;;;;X
PROV2476;ストーレベルド;;;;;;;;;;X
PROV2477;ポメラニア湾;;;;;;;;;;X
PROV2478;ダンツィヒ湾;;;;;;;;;;X
PROV2479;カルマル湾;;;;;;;;;;X
PROV2480;クルランド潟;;;;;;;;;;X
PROV2481;ストックホルム海岸;;;;;;;;;;X
PROV2482;バルト海中部;;;;;;;;;;X
PROV2483;リガ湾;;;;;;;;;;X
PROV2484;フィンランド湾;;;;;;;;;;X
PROV2485;ペイプス湖;;;;;;;;;;X
PROV2486;オネガ湖;;;;;;;;;;X
PROV2487;ラドガ湖;;;;;;;;;;X
PROV2488;ルイビンスク湖;;;;;;;;;;X
PROV2489;ボスニア湾南西部;;;;;;;;;;X
PROV2490;ヴェーネル湖&ヴェッテル湖;;;;;;;;;;X
PROV2491;ボスニア湾南東部;;;;;;;;;;X
PROV2492;ボスニア湾中央部;;;;;;;;;;X
PROV2493;ボスニア湾北東部;;;;;;;;;;X
PROV2494;ボスニア湾北西部;;;;;;;;;;X
PROV2495;ギニア海盆西部;;;;;;;;;;X
PROV2496;ギニア海盆南部;;;;;;;;;;X
PROV2497;ギニア深海平原;;;;;;;;;;X
PROV2498;アンゴラ海盆西部;;;;;;;;;;X
PROV2499;アルゼンチン深海平原東部;;;;;;;;;;X
PROV2500;アルゼンチン深海平原中部;;;;;;;;;;X
PROV2501;アルゼンチン深海平原西部;;;;;;;;;;X
PROV2502;ブランカ湾;;;;;;;;;;X
PROV2503;ラプラタ河口;;;;;;;;;;X
PROV2504;サントス海台南部;;;;;;;;;;X
PROV2505;サントス海台北部;;;;;;;;;;X
PROV2506;アルゼンチン深海平原北部;;;;;;;;;;X
PROV2507;リオ湾;;;;;;;;;;X
PROV2508;トードスオスサントス湾;;;;;;;;;;X
PROV2509;ツクルイ湖;;;;;;;;;;X
PROV2510;ブラジル深海平原;;;;;;;;;;X
PROV2511;サンロッケ岬;;;;;;;;;;X
PROV2512;セアラ深海平原東部;;;;;;;;;;X
PROV2513;フォルタレザ湾;;;;;;;;;;X
PROV2514;サンルイス湾;;;;;;;;;;X
PROV2515;マラジョ湾;;;;;;;;;;X
PROV2516;アマゾンデルタ;;;;;;;;;;X
PROV2517;ガイアナ湾;;;;;;;;;;X
PROV2518;ボカスデルドラゴン;;;;;;;;;;X
PROV2519;小アンティル諸島;;;;;;;;;;X
PROV2520;トルトゥガ島;;;;;;;;;;X
PROV2521;モナ海峡;;;;;;;;;;X
PROV2522;ヴェネズエラ湾;;;;;;;;;;X
PROV2523;ダリエン湾;;;;;;;;;;X
PROV2524;ウインドワード湾;;;;;;;;;;X
PROV2525;グラシアスアディオス岬;;;;;;;;;;X
PROV2526;ホンジュラス湾;;;;;;;;;;X
PROV2527;ユカタン海峡;;;;;;;;;;X
PROV2528;カンペチェバンク;;;;;;;;;;X
PROV2529;カンペチェ湾;;;;;;;;;;X
PROV2530;タマウリパス湾;;;;;;;;;;X
PROV2531;ガルヴェストン湾;;;;;;;;;;X
PROV2532;メキシコ湾;;;;;;;;;;X
PROV2533;ミシシッピデルタ;;;;;;;;;;X
PROV2534;アパラチ湾;;;;;;;;;;X
PROV2535;フロリダ海峡;;;;;;;;;;X
PROV2536;オールドバハマ海峡;;;;;;;;;;X
PROV2537;クルックド島水道;;;;;;;;;;X
PROV2538;グランドバハマ海峡;;;;;;;;;;X
PROV2539;マヤグアナ海峡;;;;;;;;;;X
PROV2540;サルガッソー海南部;;;;;;;;;;X
PROV2541;アンティル諸島大陸棚北部;;;;;;;;;;X
PROV2542;セアラ深海平原西部;;;;;;;;;;X
PROV2543;ギアナ海盆;;;;;;;;;;X
PROV2544;ギアナ海盆東部;;;;;;;;;;X
PROV2545;大西洋中央海嶺中南部南側;;;;;;;;;;X
PROV2546;ロマンシェ海溝西部;;;;;;;;;;X
PROV2547;ロマンシェ海溝東部;;;;;;;;;;X
PROV2548;アルゼンチン深海平原北東部;;;;;;;;;;X
PROV2549;ロマンシェ海溝南部;;;;;;;;;;X
PROV2550;ペナス湾;;;;;;;;;;X
PROV2551;コルコバド湾;;;;;;;;;;X
PROV2552;フンボルト深海平原北東部;;;;;;;;;;X
PROV2553;ペルー・チリ海溝南部;;;;;;;;;;X
PROV2554;ナスカ海嶺南部;;;;;;;;;;X
PROV2555;ナスカ海嶺北部;;;;;;;;;;X
PROV2556;サンニコラス湾;;;;;;;;;;X
PROV2557;ティティカカ湖;;;;;;;;;;X
PROV2558;チキナタ湾;;;;;;;;;;X
PROV2559;モレノ湾;;;;;;;;;;X
PROV2560;コキンボ湾;;;;;;;;;;X
PROV2561;マンザノ湾;;;;;;;;;;X
PROV2562;ネッカー海嶺;;;;;;;;;;X
PROV2563;ハワイ海嶺東部;;;;;;;;;;X
PROV2564;クラリオン断裂帯中部;;;;;;;;;;X
PROV2565;クラリオン断裂帯東部;;;;;;;;;;X
PROV2566;東太平洋海膨;;;;;;;;;;X
PROV2567;バンデラス湾;;;;;;;;;;X
PROV2568;カリフォルニア湾;;;;;;;;;;X
PROV2569;ペタカルコ湾;;;;;;;;;;X
PROV2570;ドゥルセ湾;;;;;;;;;;X
PROV2571;テワンテペック湾;;;;;;;;;;X
PROV2572;フォンセカ湾;;;;;;;;;;X
PROV2573;コロナード湾;;;;;;;;;;X
PROV2574;パナマ湾;;;;;;;;;;X
PROV2575;パナマ運河;;;;;;;;;;X
PROV2576;マイゼル諸島;;;;;;;;;;X
PROV2577;アンティル諸島大陸棚南部;;;;;;;;;;X
PROV2578;グランドケイマン;;;;;;;;;;X
PROV2579;タンパ湾;;;;;;;;;;X
PROV2580;ギニア湾西部;;;;;;;;;;X
PROV2581;ギニア湾中央東部低地帯;;;;;;;;;;X
PROV2582;アンゴラ海盆東部;;;;;;;;;;X
PROV2583;ナタール海盆西部;;;;;;;;;;X
PROV2584;ソマリ海盆北部;;;;;;;;;;X
PROV2585;アラビア海盆北部;;;;;;;;;;X
PROV2586;アラビア海盆東部;;;;;;;;;;X
PROV2587;チャゴス・ラッカディブ海台北部;;;;;;;;;;X
PROV2588;ジャワ海溝西部;;;;;;;;;;X
PROV2589;東京湾;;;;;;;;;;X
PROV2590;石狩湾;;;;;;;;;;X
PROV2591;タスマン海台東部;;;;;;;;;;X
PROV2592;マクオーリー海嶺;;;;;;;;;;X
PROV2593;マディラ島アプローチ;;;;;;;;;;X
PROV2594;ヴェルデ岬アプローチ東部;;;;;;;;;;X
PROV2595;イベリア大陸棚北部;;;;;;;;;;X
PROV2596;ビスケー海盆東部;;;;;;;;;;X
PROV2597;ケルト大陸棚東部;;;;;;;;;;X
PROV2598;フェロー諸島海溝中部;;;;;;;;;;X
PROV2599;フェロー諸島海溝南東部;;;;;;;;;;X
PROV2600;北海東中部;;;;;;;;;;X
PROV2601;ノルウェー海北部;;;;;;;;;;X
PROV2602;;;;;;;;;;;X
PROV2603;;;;;;;;;;;X
PROV2604;;;;;;;;;;;X
PROV2605;;;;;;;;;;;X
PROV2606;;;;;;;;;;;X
PROV2607;;;;;;;;;;;X
;;;;;;;;;;;X
;;;;;;;;;;;X
;;;;;;;;;;;X
#EOF;;;;;;;;;;;X
